id,revenue
3001,9.62E+06
3002,8.45E+06
3003,2.26E+07
3004,9.67E+06
3005,5.14E+06
3006,2.84E+07
3007,3.87E+06
3008,6.07E+07
3009,4.53E+07
3010,4.61E+08
3011,1.07E+06
3012,4.72E+05
3013,3.68E+07
3014,1.73E+06
3015,2.57E+07
3016,5.72E+05
3017,1.36E+08
3018,1.74E+08
3019,1.47E+07
3020,8.08E+08
3021,1.46E+08
3022,1.53E+08
3023,1.17E+06
3024,6.49E+07
3025,1.17E+06
3026,1.06E+08
3027,8.35E+06
3028,7.11E+07
3029,1.12E+07
3030,1.09E+08
3031,3.67E+07
3032,4.84E+06
3033,2.28E+06
3034,2.82E+05
3035,6.14E+06
3036,2.55E+07
3037,7.67E+07
3038,6.89E+07
3039,4.40E+07
3040,1.11E+07
3041,2.75E+07
3042,5.01E+06
3043,1.98E+07
3044,7.88E+06
3045,4.65E+08
3046,5.70E+06
3047,2.39E+07
3048,4.30E+07
3049,3.37E+07
3050,7.39E+07
3051,2.99E+06
3052,5.55E+07
3053,4.14E+05
3054,1.33E+06
3055,7.06E+07
3056,7.15E+05
3057,9.71E+07
3058,4.54E+08
3059,3.28E+06
3060,8.95E+07
3061,4.77E+07
3062,8.75E+07
3063,6.03E+07
3064,1.03E+08
3065,3.20E+07
3066,1.53E+08
3067,6.49E+06
3068,6.17E+07
3069,2.81E+08
3070,3.87E+06
3071,2.15E+07
3072,6.81E+08
3073,9.66E+06
3074,1.61E+06
3075,9.38E+07
3076,1.79E+08
3077,2.26E+07
3078,8.52E+07
3079,6.40E+07
3080,9.14E+07
3081,5.00E+07
3082,2.18E+07
3083,9.02E+06
3084,5.96E+06
3085,1.68E+07
3086,7.01E+07
3087,7.92E+05
3088,5.33E+06
3089,7.86E+05
3090,5.18E+07
3091,5.04E+07
3092,2.86E+07
3093,3.61E+08
3094,1.43E+08
3095,6.57E+07
3096,8.28E+06
3097,9.60E+08
3098,4.63E+07
3099,7.98E+07
3100,1.15E+07
3101,1.48E+07
3102,1.55E+07
3103,6.30E+06
3104,1.08E+07
3105,6.41E+07
3106,3.95E+07
3107,3.97E+07
3108,6.96E+06
3109,2.17E+07
3110,5.96E+08
3111,4.61E+06
3112,2.10E+06
3113,1.12E+07
3114,6.86E+07
3115,5.83E+07
3116,8.58E+06
3117,1.03E+06
3118,5.15E+06
3119,4.02E+08
3120,1.86E+08
3121,4.87E+07
3122,2.10E+07
3123,4.44E+07
3124,3.01E+06
3125,1.08E+06
3126,3.73E+07
3127,1.29E+07
3128,3.08E+07
3129,3.42E+08
3130,2.37E+07
3131,9.23E+06
3132,4.20E+06
3133,1.06E+06
3134,3.28E+07
3135,4.06E+06
3136,7.72E+06
3137,2.53E+08
3138,8.44E+06
3139,7.61E+07
3140,8.17E+07
3141,1.67E+07
3142,2.41E+07
3143,1.95E+08
3144,2.43E+07
3145,5.59E+07
3146,1.96E+06
3147,1.43E+07
3148,8.21E+06
3149,9.20E+07
3150,8.05E+07
3151,1.95E+07
3152,2.95E+07
3153,1.31E+07
3154,1.73E+07
3155,4.32E+07
3156,8.28E+06
3157,3.49E+07
3158,2.19E+08
3159,2.19E+07
3160,3.57E+07
3161,1.77E+05
3162,2.23E+07
3163,7.45E+07
3164,1.46E+07
3165,3.22E+06
3166,1.89E+06
3167,8.61E+07
3168,2.14E+06
3169,5.08E+07
3170,8.53E+06
3171,1.68E+07
3172,5.43E+07
3173,1.48E+06
3174,9.90E+05
3175,9.03E+06
3176,2.33E+07
3177,1.20E+08
3178,4.99E+06
3179,1.10E+07
3180,2.79E+07
3181,2.88E+06
3182,3.53E+08
3183,2.17E+07
3184,5.87E+07
3185,1.15E+08
3186,3.60E+07
3187,2.21E+07
3188,3.70E+07
3189,8.20E+07
3190,4.65E+07
3191,1.37E+07
3192,6.09E+06
3193,2.30E+08
3194,1.12E+08
3195,7.43E+06
3196,1.48E+07
3197,3.29E+07
3198,9.06E+07
3199,2.01E+08
3200,2.79E+07
3201,6.80E+06
3202,5.53E+06
3203,2.85E+06
3204,4.03E+06
3205,4.65E+06
3206,1.98E+07
3207,5.52E+07
3208,2.16E+07
3209,3.04E+06
3210,4.65E+08
3211,5.75E+06
3212,1.06E+08
3213,2.43E+08
3214,5.08E+06
3215,6.44E+06
3216,1.94E+07
3217,4.02E+08
3218,4.98E+06
3219,6.89E+06
3220,2.03E+08
3221,2.56E+07
3222,1.72E+07
3223,5.23E+07
3224,1.69E+07
3225,3.59E+06
3226,6.37E+06
3227,1.15E+08
3228,1.13E+08
3229,1.46E+08
3230,2.95E+07
3231,8.50E+07
3232,5.48E+07
3233,9.14E+06
3234,7.41E+06
3235,1.40E+07
3236,5.37E+06
3237,3.02E+07
3238,8.46E+06
3239,4.24E+05
3240,3.71E+08
3241,3.06E+07
3242,9.84E+06
3243,6.26E+06
3244,2.48E+06
3245,1.11E+07
3246,5.10E+07
3247,4.02E+07
3248,4.79E+07
3249,8.00E+07
3250,3.66E+08
3251,4.49E+06
3252,2.03E+07
3253,6.14E+07
3254,1.52E+07
3255,1.64E+06
3256,6.90E+07
3257,1.22E+08
3258,2.67E+07
3259,7.23E+07
3260,3.33E+06
3261,5.89E+08
3262,2.90E+07
3263,8.68E+05
3264,2.35E+06
3265,1.86E+05
3266,2.41E+06
3267,8.60E+07
3268,4.11E+05
3269,6.53E+07
3270,8.91E+07
3271,1.67E+07
3272,6.45E+06
3273,2.83E+07
3274,4.12E+08
3275,2.60E+07
3276,5.36E+06
3277,7.42E+07
3278,1.14E+08
3279,4.84E+07
3280,2.53E+08
3281,1.30E+07
3282,5.76E+06
3283,4.82E+08
3284,4.61E+07
3285,1.33E+08
3286,4.91E+06
3287,1.74E+07
3288,3.23E+07
3289,8.07E+07
3290,6.53E+07
3291,8.56E+06
3292,2.02E+08
3293,9.61E+07
3294,1.66E+07
3295,2.46E+07
3296,1.36E+07
3297,3.18E+06
3298,1.09E+08
3299,1.42E+07
3300,1.99E+07
3301,2.37E+05
3302,1.21E+07
3303,3.02E+07
3304,1.50E+07
3305,6.63E+07
3306,3.21E+06
3307,1.19E+08
3308,1.27E+07
3309,1.01E+07
3310,1.51E+07
3311,5.62E+06
3312,3.48E+07
3313,1.63E+08
3314,1.31E+07
3315,1.22E+08
3316,5.37E+07
3317,1.98E+06
3318,7.83E+05
3319,8.97E+06
3320,2.55E+07
3321,1.11E+07
3322,5.38E+06
3323,1.27E+08
3324,5.50E+06
3325,5.40E+07
3326,2.88E+08
3327,5.52E+07
3328,1.33E+07
3329,8.23E+06
3330,9.59E+07
3331,1.11E+07
3332,4.33E+07
3333,3.48E+08
3334,2.44E+06
3335,6.35E+07
3336,2.68E+07
3337,1.39E+06
3338,2.12E+07
3339,5.27E+06
3340,8.33E+07
3341,1.00E+08
3342,5.18E+07
3343,7.18E+07
3344,2.12E+06
3345,1.22E+07
3346,3.71E+07
3347,8.41E+05
3348,3.15E+07
3349,6.56E+07
3350,1.26E+08
3351,7.89E+07
3352,6.34E+06
3353,8.03E+07
3354,7.20E+06
3355,2.90E+06
3356,2.24E+07
3357,1.88E+05
3358,1.68E+07
3359,2.46E+07
3360,2.98E+07
3361,4.04E+08
3362,1.42E+07
3363,1.42E+07
3364,1.97E+07
3365,5.01E+06
3366,9.25E+07
3367,1.27E+08
3368,1.19E+06
3369,9.16E+07
3370,2.20E+08
3371,5.95E+07
3372,5.71E+07
3373,5.32E+07
3374,7.48E+06
3375,1.18E+08
3376,6.64E+07
3377,1.84E+07
3378,6.56E+06
3379,1.66E+08
3380,7.91E+07
3381,2.04E+07
3382,3.91E+06
3383,3.89E+06
3384,4.73E+07
3385,8.78E+07
3386,1.51E+06
3387,1.17E+07
3388,1.03E+08
3389,7.15E+08
3390,9.83E+06
3391,1.02E+07
3392,5.36E+07
3393,7.73E+06
3394,2.40E+08
3395,1.43E+08
3396,1.89E+07
3397,6.36E+05
3398,3.27E+08
3399,7.63E+07
3400,1.40E+07
3401,6.26E+06
3402,4.41E+06
3403,1.23E+08
3404,1.18E+07
3405,3.41E+07
3406,1.56E+08
3407,2.21E+08
3408,9.19E+07
3409,2.09E+06
3410,5.96E+07
3411,6.86E+07
3412,1.59E+07
3413,4.78E+07
3414,1.29E+07
3415,3.27E+07
3416,1.06E+08
3417,1.47E+08
3418,7.87E+07
3419,2.93E+08
3420,3.52E+06
3421,5.16E+07
3422,1.89E+06
3423,5.76E+08
3424,2.92E+06
3425,1.24E+07
3426,1.24E+08
3427,3.36E+07
3428,2.76E+07
3429,4.50E+07
3430,9.24E+08
3431,5.82E+06
3432,2.59E+07
3433,1.11E+07
3434,1.09E+07
3435,2.60E+08
3436,1.70E+08
3437,4.29E+07
3438,4.01E+07
3439,1.32E+08
3440,7.05E+07
3441,1.06E+08
3442,8.23E+06
3443,8.14E+06
3444,5.18E+06
3445,8.18E+07
3446,2.18E+06
3447,1.82E+07
3448,5.30E+07
3449,1.35E+07
3450,1.20E+08
3451,6.45E+07
3452,2.48E+07
3453,8.74E+07
3454,3.31E+07
3455,1.47E+07
3456,1.09E+08
3457,2.70E+07
3458,1.56E+07
3459,8.97E+08
3460,5.60E+07
3461,1.87E+07
3462,9.17E+06
3463,8.11E+07
3464,1.39E+06
3465,6.54E+07
3466,6.19E+07
3467,3.19E+07
3468,1.40E+08
3469,1.79E+07
3470,1.36E+06
3471,5.01E+07
3472,2.12E+06
3473,1.02E+08
3474,4.73E+07
3475,2.86E+08
3476,4.61E+06
3477,5.07E+07
3478,1.79E+07
3479,2.19E+08
3480,2.92E+07
3481,3.01E+07
3482,2.60E+06
3483,1.21E+06
3484,1.05E+07
3485,1.02E+08
3486,1.37E+08
3487,7.12E+07
3488,1.65E+08
3489,1.59E+07
3490,4.55E+07
3491,3.92E+07
3492,1.00E+07
3493,8.85E+07
3494,8.78E+06
3495,1.27E+08
3496,8.12E+06
3497,8.95E+07
3498,4.04E+06
3499,1.93E+07
3500,7.59E+05
3501,1.59E+08
3502,1.07E+08
3503,1.06E+08
3504,9.06E+07
3505,8.98E+06
3506,1.03E+08
3507,2.79E+08
3508,1.30E+07
3509,9.83E+06
3510,3.63E+07
3511,1.66E+07
3512,1.73E+08
3513,1.33E+07
3514,6.94E+07
3515,6.39E+06
3516,2.10E+07
3517,7.57E+08
3518,2.48E+07
3519,3.71E+06
3520,3.36E+07
3521,2.62E+06
3522,1.71E+07
3523,1.99E+07
3524,7.55E+07
3525,1.38E+08
3526,8.64E+07
3527,3.56E+07
3528,8.00E+06
3529,5.43E+08
3530,5.10E+07
3531,4.86E+07
3532,6.36E+07
3533,2.75E+07
3534,6.54E+07
3535,2.40E+08
3536,6.65E+06
3537,1.10E+08
3538,8.23E+07
3539,7.13E+07
3540,4.36E+07
3541,2.39E+07
3542,1.63E+07
3543,3.35E+06
3544,3.96E+07
3545,3.11E+06
3546,4.20E+06
3547,2.09E+08
3548,5.12E+08
3549,9.58E+06
3550,4.42E+08
3551,1.17E+08
3552,1.26E+08
3553,1.64E+08
3554,1.76E+08
3555,1.95E+08
3556,1.00E+08
3557,2.01E+07
3558,1.99E+08
3559,4.42E+07
3560,3.42E+06
3561,1.46E+08
3562,1.52E+07
3563,1.00E+07
3564,2.16E+06
3565,4.14E+06
3566,7.86E+07
3567,2.43E+07
3568,8.82E+06
3569,9.41E+07
3570,2.86E+06
3571,8.33E+07
3572,2.22E+08
3573,2.80E+07
3574,1.96E+07
3575,1.21E+07
3576,2.01E+07
3577,1.11E+07
3578,3.49E+07
3579,3.28E+07
3580,2.07E+08
3581,4.72E+07
3582,1.54E+08
3583,1.87E+06
3584,2.68E+07
3585,9.80E+07
3586,5.56E+07
3587,2.85E+07
3588,3.79E+06
3589,1.81E+07
3590,3.22E+07
3591,3.28E+08
3592,2.10E+06
3593,2.63E+06
3594,1.24E+07
3595,1.26E+07
3596,2.57E+07
3597,1.89E+07
3598,7.16E+07
3599,2.01E+07
3600,8.55E+06
3601,1.08E+07
3602,6.13E+06
3603,1.85E+07
3604,1.28E+07
3605,5.04E+07
3606,2.54E+07
3607,3.97E+07
3608,1.44E+08
3609,3.81E+06
3610,2.21E+07
3611,3.02E+06
3612,4.28E+07
3613,1.19E+07
3614,1.02E+08
3615,3.94E+07
3616,3.04E+07
3617,2.35E+07
3618,9.08E+07
3619,1.67E+06
3620,9.42E+07
3621,3.30E+08
3622,5.06E+08
3623,1.00E+08
3624,2.94E+06
3625,6.60E+06
3626,6.87E+07
3627,3.58E+07
3628,5.49E+08
3629,6.83E+06
3630,1.13E+07
3631,1.19E+08
3632,7.07E+07
3633,6.45E+07
3634,2.14E+06
3635,1.04E+07
3636,2.41E+07
3637,9.38E+05
3638,1.91E+07
3639,1.25E+08
3640,3.51E+08
3641,2.41E+07
3642,3.49E+06
3643,3.81E+07
3644,7.66E+06
3645,1.57E+07
3646,4.03E+07
3647,4.61E+07
3648,7.45E+06
3649,1.01E+07
3650,3.12E+07
3651,3.71E+08
3652,2.26E+07
3653,1.93E+08
3654,1.13E+07
3655,2.72E+07
3656,1.04E+07
3657,5.62E+05
3658,1.51E+07
3659,1.01E+08
3660,4.06E+08
3661,1.42E+07
3662,4.34E+07
3663,3.89E+08
3664,3.96E+06
3665,4.12E+06
3666,1.35E+07
3667,1.02E+08
3668,5.69E+07
3669,4.59E+06
3670,7.32E+07
3671,5.14E+07
3672,5.18E+07
3673,1.49E+08
3674,7.81E+07
3675,4.22E+08
3676,9.34E+07
3677,6.54E+06
3678,2.24E+07
3679,2.07E+07
3680,4.41E+07
3681,1.20E+07
3682,1.36E+08
3683,1.63E+07
3684,1.63E+08
3685,2.88E+08
3686,7.98E+06
3687,1.40E+08
3688,9.30E+06
3689,1.34E+06
3690,7.26E+07
3691,6.14E+06
3692,5.11E+05
3693,2.61E+08
3694,1.22E+08
3695,1.33E+08
3696,7.65E+07
3697,5.27E+07
3698,5.49E+07
3699,1.74E+07
3700,1.07E+06
3701,3.02E+07
3702,7.64E+05
3703,8.26E+07
3704,2.38E+08
3705,1.37E+07
3706,1.06E+08
3707,3.17E+06
3708,1.74E+07
3709,4.02E+08
3710,2.21E+08
3711,5.32E+06
3712,3.49E+07
3713,3.67E+07
3714,6.61E+07
3715,7.14E+07
3716,5.49E+06
3717,4.10E+06
3718,2.93E+07
3719,5.53E+07
3720,1.27E+07
3721,2.18E+06
3722,8.70E+07
3723,6.56E+05
3724,1.78E+07
3725,1.28E+07
3726,3.56E+07
3727,7.14E+07
3728,1.32E+08
3729,2.13E+07
3730,1.08E+08
3731,2.19E+08
3732,2.03E+06
3733,1.75E+08
3734,3.65E+08
3735,1.69E+07
3736,1.14E+07
3737,2.65E+07
3738,2.35E+06
3739,1.54E+07
3740,2.91E+07
3741,9.41E+06
3742,9.96E+07
3743,2.30E+07
3744,1.03E+08
3745,8.92E+07
3746,1.50E+08
3747,2.83E+06
3748,7.48E+06
3749,1.05E+07
3750,2.75E+06
3751,1.74E+07
3752,5.12E+06
3753,1.96E+07
3754,4.15E+07
3755,9.08E+07
3756,1.55E+08
3757,3.98E+08
3758,7.50E+07
3759,1.57E+07
3760,1.87E+08
3761,6.89E+07
3762,2.87E+08
3763,2.16E+07
3764,6.88E+07
3765,1.29E+07
3766,7.38E+06
3767,5.45E+07
3768,1.54E+07
3769,5.19E+06
3770,1.98E+07
3771,8.66E+07
3772,1.06E+08
3773,4.81E+07
3774,2.02E+07
3775,1.97E+08
3776,1.19E+08
3777,6.01E+06
3778,1.05E+06
3779,1.66E+07
3780,9.40E+05
3781,2.59E+07
3782,5.54E+07
3783,3.29E+07
3784,1.61E+07
3785,3.76E+08
3786,2.86E+07
3787,2.07E+08
3788,6.12E+08
3789,2.32E+07
3790,4.97E+06
3791,3.02E+07
3792,1.76E+06
3793,1.60E+06
3794,2.31E+06
3795,5.45E+08
3796,1.69E+07
3797,5.55E+07
3798,7.87E+07
3799,1.89E+07
3800,1.56E+06
3801,9.31E+07
3802,1.10E+06
3803,1.54E+07
3804,3.57E+06
3805,1.78E+07
3806,7.80E+07
3807,5.99E+06
3808,5.35E+06
3809,4.46E+07
3810,3.96E+06
3811,2.23E+07
3812,6.09E+06
3813,1.59E+06
3814,1.50E+07
3815,7.97E+07
3816,9.05E+07
3817,1.89E+08
3818,1.07E+08
3819,5.08E+07
3820,1.17E+08
3821,1.13E+08
3822,1.20E+07
3823,1.24E+07
3824,5.91E+06
3825,2.60E+07
3826,8.85E+07
3827,4.58E+07
3828,1.08E+07
3829,4.49E+05
3830,4.46E+07
3831,9.51E+05
3832,1.45E+08
3833,3.27E+07
3834,1.54E+07
3835,2.55E+07
3836,5.55E+06
3837,6.60E+07
3838,1.93E+08
3839,1.57E+07
3840,3.19E+07
3841,2.76E+07
3842,1.71E+07
3843,5.63E+07
3844,2.72E+06
3845,1.23E+06
3846,1.77E+07
3847,1.39E+06
3848,5.88E+06
3849,6.87E+07
3850,4.66E+07
3851,7.61E+07
3852,4.86E+06
3853,9.79E+07
3854,1.76E+06
3855,1.66E+06
3856,1.94E+07
3857,9.47E+08
3858,3.18E+06
3859,1.73E+07
3860,4.69E+07
3861,9.69E+07
3862,1.13E+07
3863,9.44E+07
3864,1.58E+08
3865,6.42E+07
3866,1.20E+07
3867,8.35E+07
3868,9.20E+06
3869,1.01E+08
3870,1.64E+08
3871,7.86E+08
3872,1.69E+07
3873,5.62E+07
3874,7.37E+06
3875,7.96E+07
3876,1.09E+06
3877,7.42E+07
3878,1.41E+08
3879,4.15E+08
3880,1.37E+07
3881,1.31E+05
3882,2.02E+07
3883,4.15E+06
3884,2.35E+08
3885,1.03E+07
3886,3.81E+07
3887,4.96E+07
3888,2.84E+06
3889,5.89E+07
3890,1.28E+08
3891,7.40E+06
3892,1.50E+07
3893,4.55E+08
3894,9.65E+07
3895,7.12E+07
3896,4.16E+07
3897,5.41E+06
3898,2.24E+07
3899,8.12E+08
3900,1.72E+08
3901,1.73E+07
3902,1.31E+06
3903,2.37E+07
3904,4.56E+07
3905,2.37E+07
3906,8.05E+07
3907,5.11E+06
3908,1.72E+07
3909,1.48E+06
3910,9.24E+07
3911,2.42E+07
3912,3.02E+07
3913,1.50E+08
3914,2.25E+07
3915,2.28E+08
3916,5.02E+06
3917,1.63E+07
3918,8.06E+06
3919,9.05E+07
3920,1.07E+07
3921,7.80E+05
3922,1.58E+07
3923,2.83E+07
3924,4.36E+07
3925,2.41E+08
3926,7.13E+06
3927,9.26E+07
3928,1.15E+08
3929,4.40E+07
3930,1.13E+07
3931,1.27E+07
3932,1.65E+07
3933,3.11E+07
3934,9.40E+07
3935,1.77E+06
3936,9.51E+05
3937,2.14E+08
3938,8.34E+06
3939,2.51E+07
3940,5.60E+06
3941,3.41E+07
3942,2.16E+08
3943,1.04E+09
3944,5.83E+07
3945,4.63E+07
3946,3.02E+06
3947,9.62E+07
3948,3.11E+06
3949,2.02E+07
3950,8.99E+06
3951,2.83E+07
3952,7.59E+07
3953,9.75E+07
3954,4.18E+08
3955,2.19E+07
3956,7.67E+07
3957,2.28E+07
3958,6.57E+06
3959,2.92E+07
3960,4.42E+06
3961,7.35E+07
3962,1.20E+07
3963,6.28E+07
3964,8.25E+08
3965,1.11E+08
3966,3.06E+07
3967,4.32E+08
3968,4.50E+07
3969,9.75E+06
3970,1.88E+07
3971,3.37E+07
3972,2.63E+07
3973,8.85E+07
3974,2.35E+06
3975,1.50E+08
3976,9.15E+07
3977,1.13E+08
3978,1.42E+08
3979,1.88E+07
3980,1.20E+06
3981,3.11E+06
3982,9.94E+06
3983,5.39E+07
3984,2.35E+08
3985,8.15E+06
3986,1.01E+09
3987,3.38E+07
3988,1.03E+07
3989,5.79E+07
3990,3.98E+07
3991,1.46E+06
3992,3.33E+06
3993,2.59E+07
3994,5.30E+07
3995,3.32E+07
3996,2.27E+08
3997,8.04E+06
3998,9.51E+07
3999,2.39E+07
4000,8.16E+07
4001,6.11E+06
4002,1.86E+08
4003,2.50E+06
4004,8.41E+07
4005,3.23E+05
4006,2.90E+07
4007,3.05E+06
4008,1.52E+07
4009,2.12E+07
4010,2.39E+05
4011,3.46E+07
4012,1.41E+08
4013,4.56E+07
4014,1.34E+06
4015,7.29E+07
4016,3.49E+07
4017,1.20E+07
4018,1.02E+08
4019,3.96E+08
4020,1.20E+07
4021,6.89E+07
4022,1.49E+07
4023,1.34E+08
4024,2.88E+07
4025,1.03E+06
4026,4.43E+07
4027,1.25E+08
4028,2.91E+06
4029,2.73E+05
4030,1.78E+07
4031,1.17E+08
4032,5.32E+05
4033,2.46E+06
4034,1.77E+06
4035,3.23E+08
4036,6.19E+06
4037,3.46E+07
4038,1.88E+07
4039,1.93E+07
4040,7.43E+06
4041,9.71E+06
4042,8.67E+07
4043,5.77E+06
4044,1.36E+08
4045,1.99E+08
4046,1.58E+07
4047,4.87E+08
4048,2.47E+07
4049,2.53E+06
4050,2.81E+06
4051,5.06E+08
4052,1.63E+07
4053,4.47E+06
4054,9.23E+05
4055,1.49E+07
4056,1.73E+07
4057,4.45E+05
4058,3.54E+07
4059,4.49E+06
4060,8.37E+07
4061,1.23E+08
4062,3.76E+07
4063,1.14E+07
4064,5.03E+08
4065,1.39E+08
4066,9.30E+06
4067,5.41E+07
4068,2.23E+07
4069,8.64E+07
4070,2.32E+07
4071,3.59E+07
4072,2.54E+07
4073,1.34E+08
4074,6.96E+05
4075,1.90E+07
4076,6.66E+07
4077,3.38E+08
4078,9.93E+06
4079,5.85E+07
4080,1.19E+07
4081,1.38E+07
4082,4.62E+08
4083,1.22E+08
4084,2.21E+06
4085,1.61E+07
4086,1.51E+08
4087,6.58E+06
4088,8.32E+07
4089,1.78E+07
4090,4.74E+06
4091,1.38E+08
4092,5.64E+07
4093,5.00E+07
4094,3.63E+06
4095,1.80E+08
4096,1.98E+07
4097,4.18E+07
4098,7.38E+06
4099,1.70E+07
4100,8.87E+07
4101,5.10E+07
4102,6.06E+06
4103,5.01E+07
4104,9.66E+06
4105,1.19E+06
4106,1.08E+07
4107,4.58E+06
4108,2.06E+07
4109,4.65E+06
4110,5.07E+07
4111,2.52E+07
4112,1.23E+07
4113,1.11E+07
4114,2.92E+08
4115,6.88E+06
4116,1.35E+07
4117,1.69E+07
4118,6.70E+07
4119,4.22E+07
4120,5.72E+06
4121,3.27E+06
4122,2.26E+08
4123,2.61E+07
4124,8.54E+07
4125,3.73E+07
4126,5.96E+06
4127,1.30E+07
4128,9.75E+06
4129,8.17E+06
4130,2.45E+07
4131,1.09E+08
4132,1.22E+08
4133,3.70E+07
4134,1.79E+07
4135,3.06E+07
4136,6.21E+08
4137,6.90E+06
4138,4.19E+07
4139,2.39E+07
4140,4.47E+06
4141,2.96E+07
4142,5.26E+07
4143,5.91E+07
4144,4.68E+06
4145,4.05E+07
4146,2.61E+06
4147,8.69E+05
4148,6.77E+07
4149,1.33E+07
4150,1.06E+07
4151,5.48E+07
4152,7.48E+07
4153,2.99E+07
4154,4.36E+06
4155,4.30E+07
4156,7.35E+06
4157,3.07E+06
4158,1.22E+07
4159,2.36E+07
4160,4.12E+08
4161,5.70E+07
4162,4.13E+07
4163,8.38E+07
4164,9.92E+06
4165,9.50E+06
4166,2.01E+07
4167,9.92E+07
4168,1.87E+07
4169,5.51E+06
4170,1.92E+07
4171,4.87E+07
4172,9.46E+07
4173,1.79E+07
4174,8.11E+06
4175,4.88E+06
4176,1.80E+07
4177,1.62E+05
4178,4.70E+08
4179,3.32E+06
4180,1.62E+08
4181,7.28E+07
4182,5.29E+06
4183,4.87E+07
4184,1.93E+07
4185,9.53E+06
4186,8.61E+06
4187,2.25E+07
4188,2.73E+07
4189,8.36E+06
4190,4.66E+05
4191,6.47E+06
4192,3.04E+05
4193,2.20E+08
4194,1.67E+08
4195,1.51E+07
4196,7.97E+06
4197,5.12E+07
4198,2.54E+07
4199,4.98E+07
4200,1.34E+08
4201,5.66E+07
4202,1.43E+08
4203,4.12E+07
4204,7.57E+07
4205,7.41E+06
4206,2.35E+07
4207,3.87E+08
4208,6.02E+08
4209,7.29E+07
4210,1.24E+08
4211,3.38E+07
4212,4.10E+08
4213,4.48E+06
4214,3.37E+07
4215,3.77E+06
4216,2.70E+07
4217,4.04E+06
4218,3.52E+07
4219,1.88E+07
4220,2.42E+07
4221,6.03E+05
4222,1.11E+06
4223,8.83E+07
4224,2.40E+06
4225,4.11E+07
4226,3.24E+07
4227,4.80E+07
4228,1.73E+05
4229,8.90E+07
4230,5.73E+07
4231,9.65E+06
4232,3.94E+07
4233,9.39E+07
4234,5.57E+07
4235,2.37E+07
4236,1.01E+07
4237,7.20E+06
4238,4.86E+07
4239,1.91E+08
4240,3.36E+08
4241,2.29E+08
4242,2.89E+07
4243,3.96E+06
4244,7.71E+07
4245,9.97E+06
4246,1.36E+06
4247,4.42E+07
4248,1.42E+07
4249,2.60E+07
4250,3.67E+07
4251,1.43E+07
4252,2.25E+08
4253,7.11E+07
4254,5.29E+07
4255,3.99E+07
4256,2.75E+08
4257,1.68E+08
4258,2.71E+07
4259,8.79E+06
4260,1.29E+08
4261,1.10E+07
4262,3.04E+06
4263,5.70E+06
4264,4.12E+08
4265,2.55E+07
4266,7.00E+06
4267,2.76E+07
4268,2.98E+07
4269,1.12E+07
4270,6.02E+08
4271,3.85E+07
4272,7.88E+05
4273,2.40E+07
4274,6.82E+07
4275,7.88E+06
4276,8.11E+07
4277,4.04E+07
4278,1.26E+07
4279,8.11E+07
4280,2.57E+06
4281,2.43E+06
4282,3.69E+07
4283,2.10E+05
4284,2.88E+07
4285,4.13E+05
4286,5.60E+08
4287,1.92E+07
4288,9.59E+07
4289,1.61E+08
4290,1.04E+08
4291,1.04E+07
4292,1.33E+07
4293,3.25E+07
4294,1.25E+08
4295,1.18E+08
4296,4.60E+07
4297,2.99E+07
4298,7.39E+06
4299,1.05E+07
4300,9.84E+07
4301,1.33E+07
4302,1.38E+07
4303,1.34E+07
4304,3.09E+07
4305,4.83E+07
4306,3.72E+07
4307,1.06E+06
4308,4.95E+06
4309,4.03E+07
4310,3.39E+06
4311,1.30E+06
4312,6.31E+07
4313,2.26E+08
4314,5.28E+06
4315,1.65E+08
4316,2.66E+08
4317,1.88E+06
4318,6.51E+07
4319,3.06E+06
4320,1.31E+07
4321,8.16E+07
4322,4.01E+06
4323,1.06E+07
4324,2.48E+07
4325,7.99E+06
4326,2.14E+07
4327,7.34E+07
4328,1.05E+07
4329,1.27E+05
4330,7.48E+08
4331,6.45E+07
4332,7.23E+07
4333,1.18E+07
4334,8.53E+07
4335,1.18E+08
4336,3.98E+07
4337,9.22E+05
4338,2.24E+08
4339,1.28E+08
4340,3.11E+07
4341,3.88E+07
4342,6.29E+06
4343,3.44E+07
4344,2.16E+07
4345,8.71E+06
4346,6.51E+07
4347,8.48E+07
4348,3.66E+06
4349,4.95E+08
4350,1.43E+07
4351,3.38E+08
4352,1.62E+07
4353,8.86E+07
4354,2.14E+07
4355,4.33E+07
4356,1.04E+07
4357,1.06E+08
4358,1.34E+07
4359,2.68E+07
4360,8.38E+07
4361,1.78E+08
4362,2.99E+06
4363,6.72E+07
4364,9.24E+07
4365,6.42E+06
4366,3.48E+07
4367,9.81E+07
4368,7.88E+07
4369,4.19E+07
4370,1.23E+08
4371,1.68E+08
4372,2.30E+07
4373,2.34E+07
4374,5.37E+07
4375,5.20E+06
4376,1.61E+05
4377,4.51E+06
4378,1.56E+08
4379,1.63E+08
4380,3.70E+07
4381,1.91E+08
4382,4.99E+08
4383,4.11E+08
4384,2.74E+07
4385,6.14E+05
4386,1.18E+08
4387,1.03E+08
4388,3.67E+07
4389,1.94E+08
4390,1.18E+07
4391,2.25E+06
4392,1.09E+08
4393,5.96E+07
4394,2.87E+07
4395,1.18E+07
4396,4.78E+07
4397,3.16E+07
4398,1.65E+08
4399,3.48E+06
4400,8.09E+06
4401,2.34E+07
4402,1.51E+07
4403,3.32E+07
4404,6.12E+07
4405,3.79E+07
4406,1.88E+06
4407,4.17E+06
4408,1.15E+06
4409,2.59E+06
4410,2.06E+07
4411,8.01E+06
4412,1.04E+08
4413,2.95E+07
4414,8.17E+05
4415,2.75E+07
4416,5.44E+05
4417,2.12E+08
4418,1.55E+06
4419,2.93E+07
4420,5.32E+08
4421,4.74E+06
4422,9.30E+06
4423,8.70E+06
4424,3.79E+06
4425,2.65E+07
4426,5.56E+07
4427,6.59E+07
4428,6.59E+06
4429,2.85E+06
4430,1.86E+06
4431,1.61E+06
4432,2.06E+08
4433,1.38E+08
4434,4.07E+08
4435,2.03E+07
4436,2.22E+07
4437,1.88E+07
4438,7.80E+06
4439,4.11E+07
4440,5.91E+06
4441,2.99E+07
4442,4.37E+06
4443,8.74E+05
4444,2.52E+06
4445,6.82E+06
4446,2.59E+06
4447,1.25E+08
4448,5.00E+07
4449,5.28E+06
4450,1.12E+08
4451,6.09E+08
4452,2.75E+07
4453,2.92E+06
4454,4.31E+06
4455,7.53E+06
4456,6.56E+07
4457,4.90E+06
4458,3.24E+06
4459,7.69E+07
4460,3.41E+07
4461,9.49E+07
4462,9.92E+07
4463,8.84E+06
4464,1.26E+08
4465,8.94E+06
4466,1.40E+06
4467,4.62E+07
4468,1.32E+07
4469,3.41E+07
4470,4.57E+07
4471,1.32E+06
4472,8.66E+07
4473,1.90E+07
4474,2.45E+07
4475,3.04E+06
4476,1.51E+05
4477,6.81E+07
4478,4.57E+06
4479,5.18E+06
4480,6.49E+07
4481,2.96E+07
4482,5.27E+07
4483,5.33E+07
4484,1.51E+06
4485,1.27E+08
4486,3.83E+07
4487,1.26E+08
4488,7.88E+07
4489,5.50E+07
4490,1.95E+06
4491,1.33E+08
4492,6.29E+06
4493,1.19E+07
4494,4.08E+07
4495,6.96E+06
4496,3.14E+07
4497,2.76E+07
4498,4.60E+07
4499,7.91E+05
4500,1.67E+08
4501,1.02E+08
4502,1.20E+07
4503,4.12E+08
4504,1.18E+07
4505,2.90E+06
4506,8.97E+07
4507,4.29E+06
4508,1.78E+07
4509,7.41E+06
4510,8.27E+06
4511,2.24E+08
4512,2.98E+05
4513,1.18E+08
4514,2.00E+07
4515,2.62E+08
4516,1.79E+07
4517,1.01E+07
4518,2.81E+08
4519,2.09E+08
4520,1.13E+07
4521,3.12E+07
4522,8.66E+07
4523,1.56E+07
4524,9.26E+06
4525,3.79E+07
4526,2.62E+06
4527,3.40E+07
4528,3.27E+06
4529,1.77E+06
4530,2.60E+07
4531,6.15E+06
4532,1.37E+07
4533,2.32E+07
4534,6.83E+06
4535,8.55E+07
4536,2.55E+07
4537,4.33E+06
4538,4.05E+07
4539,4.41E+06
4540,9.42E+07
4541,7.44E+06
4542,9.17E+07
4543,9.17E+07
4544,1.30E+07
4545,1.90E+06
4546,5.29E+06
4547,2.51E+06
4548,1.34E+07
4549,1.59E+06
4550,2.03E+07
4551,8.61E+08
4552,6.30E+07
4553,1.42E+07
4554,4.11E+08
4555,6.04E+06
4556,5.97E+07
4557,2.49E+07
4558,1.56E+07
4559,7.21E+07
4560,6.86E+07
4561,4.36E+07
4562,1.09E+07
4563,2.83E+08
4564,2.61E+06
4565,2.12E+06
4566,3.78E+07
4567,8.08E+07
4568,1.26E+07
4569,7.65E+06
4570,3.26E+07
4571,3.44E+06
4572,4.46E+07
4573,3.18E+07
4574,1.19E+06
4575,2.95E+06
4576,1.93E+07
4577,4.16E+07
4578,7.01E+07
4579,7.20E+06
4580,7.17E+07
4581,5.72E+06
4582,7.73E+07
4583,1.56E+08
4584,4.71E+06
4585,1.02E+08
4586,2.82E+07
4587,8.66E+06
4588,1.93E+08
4589,2.43E+07
4590,1.09E+09
4591,8.24E+07
4592,3.75E+06
4593,6.02E+05
4594,4.56E+07
4595,5.44E+08
4596,3.73E+08
4597,1.93E+07
4598,1.16E+08
4599,5.42E+07
4600,1.82E+07
4601,7.32E+07
4602,5.75E+07
4603,2.53E+07
4604,3.20E+07
4605,1.77E+08
4606,1.36E+08
4607,4.29E+07
4608,1.60E+07
4609,3.65E+07
4610,1.97E+08
4611,1.09E+08
4612,4.93E+07
4613,4.03E+07
4614,5.71E+07
4615,2.67E+07
4616,1.52E+06
4617,1.54E+08
4618,1.94E+06
4619,2.12E+07
4620,1.70E+06
4621,3.03E+08
4622,3.66E+07
4623,8.84E+07
4624,1.98E+06
4625,2.41E+07
4626,1.44E+07
4627,1.57E+07
4628,1.53E+07
4629,2.74E+06
4630,1.26E+07
4631,1.12E+07
4632,7.37E+06
4633,7.36E+06
4634,2.11E+06
4635,2.20E+06
4636,8.50E+07
4637,2.39E+06
4638,1.78E+07
4639,5.76E+05
4640,6.31E+07
4641,5.13E+07
4642,4.63E+07
4643,6.22E+07
4644,3.21E+06
4645,2.75E+06
4646,1.04E+09
4647,7.09E+06
4648,1.48E+07
4649,1.13E+08
4650,5.07E+07
4651,5.41E+07
4652,3.99E+08
4653,1.37E+06
4654,1.40E+08
4655,9.46E+07
4656,1.09E+07
4657,3.49E+07
4658,3.22E+07
4659,6.28E+06
4660,4.63E+06
4661,1.69E+07
4662,1.31E+07
4663,8.21E+06
4664,7.99E+06
4665,5.32E+07
4666,3.77E+07
4667,1.38E+08
4668,2.36E+07
4669,2.03E+07
4670,8.96E+07
4671,2.23E+07
4672,1.29E+06
4673,7.95E+06
4674,9.97E+06
4675,6.79E+06
4676,1.46E+07
4677,2.22E+05
4678,1.88E+07
4679,4.45E+05
4680,2.07E+06
4681,3.39E+07
4682,2.96E+07
4683,9.16E+06
4684,1.02E+06
4685,4.12E+07
4686,6.68E+06
4687,9.34E+06
4688,1.61E+08
4689,2.17E+07
4690,3.21E+07
4691,2.38E+07
4692,4.85E+07
4693,1.31E+07
4694,1.66E+07
4695,7.26E+07
4696,2.76E+07
4697,9.22E+07
4698,9.57E+06
4699,8.14E+06
4700,1.32E+08
4701,2.12E+08
4702,2.29E+07
4703,7.89E+07
4704,8.40E+07
4705,7.12E+07
4706,9.73E+07
4707,9.29E+06
4708,7.07E+07
4709,3.63E+05
4710,2.40E+08
4711,3.18E+07
4712,3.93E+06
4713,2.04E+08
4714,2.11E+07
4715,1.25E+06
4716,4.49E+06
4717,3.77E+07
4718,1.25E+07
4719,1.17E+08
4720,2.31E+07
4721,2.52E+07
4722,9.05E+07
4723,1.42E+07
4724,1.96E+08
4725,4.74E+06
4726,1.11E+07
4727,2.23E+07
4728,6.56E+07
4729,9.12E+07
4730,2.65E+06
4731,2.86E+07
4732,4.37E+08
4733,1.85E+07
4734,2.89E+08
4735,4.56E+07
4736,5.34E+07
4737,4.69E+07
4738,6.20E+06
4739,9.15E+07
4740,5.31E+08
4741,2.07E+06
4742,1.17E+08
4743,1.19E+05
4744,2.51E+06
4745,4.11E+08
4746,7.22E+07
4747,2.60E+07
4748,9.83E+07
4749,7.09E+06
4750,4.33E+06
4751,3.95E+07
4752,1.79E+07
4753,1.60E+07
4754,7.61E+08
4755,6.17E+07
4756,7.23E+07
4757,1.45E+08
4758,1.61E+08
4759,4.61E+08
4760,1.09E+06
4761,1.91E+07
4762,4.23E+06
4763,6.17E+06
4764,4.27E+08
4765,1.26E+08
4766,1.95E+08
4767,7.62E+07
4768,1.53E+08
4769,7.05E+07
4770,1.87E+08
4771,2.27E+08
4772,2.59E+07
4773,1.93E+07
4774,1.50E+07
4775,2.62E+06
4776,1.48E+06
4777,2.88E+08
4778,7.44E+07
4779,7.25E+06
4780,2.56E+08
4781,3.14E+06
4782,5.37E+07
4783,1.92E+07
4784,1.90E+07
4785,2.11E+07
4786,7.98E+07
4787,6.67E+07
4788,9.06E+07
4789,5.23E+06
4790,1.41E+08
4791,2.35E+07
4792,1.32E+07
4793,3.72E+07
4794,1.23E+06
4795,2.43E+07
4796,5.23E+07
4797,8.61E+08
4798,4.86E+07
4799,3.72E+07
4800,6.02E+07
4801,6.18E+06
4802,6.75E+07
4803,1.82E+07
4804,1.12E+07
4805,4.70E+06
4806,3.40E+07
4807,1.76E+07
4808,1.54E+07
4809,1.33E+08
4810,5.48E+05
4811,7.10E+06
4812,9.99E+07
4813,1.41E+08
4814,3.76E+06
4815,4.52E+07
4816,5.69E+07
4817,2.84E+06
4818,2.22E+07
4819,4.06E+06
4820,3.34E+07
4821,1.57E+06
4822,1.36E+06
4823,3.27E+07
4824,3.99E+07
4825,8.27E+07
4826,1.72E+07
4827,6.08E+07
4828,2.37E+07
4829,4.86E+07
4830,4.37E+07
4831,2.81E+07
4832,6.29E+06
4833,3.91E+07
4834,2.21E+08
4835,4.01E+07
4836,2.19E+07
4837,2.05E+08
4838,5.45E+07
4839,1.77E+06
4840,4.34E+08
4841,1.75E+05
4842,1.10E+08
4843,1.04E+08
4844,6.34E+06
4845,5.32E+07
4846,4.76E+06
4847,3.59E+08
4848,6.82E+07
4849,2.29E+08
4850,2.83E+07
4851,7.88E+05
4852,2.77E+07
4853,1.16E+08
4854,2.13E+07
4855,8.22E+07
4856,2.69E+07
4857,2.66E+07
4858,3.42E+07
4859,8.77E+06
4860,6.45E+08
4861,1.49E+08
4862,1.71E+08
4863,2.14E+08
4864,8.65E+07
4865,4.07E+07
4866,2.74E+07
4867,1.18E+08
4868,8.58E+06
4869,4.07E+06
4870,2.27E+07
4871,8.25E+07
4872,2.04E+06
4873,1.65E+07
4874,9.32E+07
4875,6.82E+07
4876,4.86E+07
4877,5.17E+07
4878,4.19E+07
4879,4.49E+07
4880,2.02E+07
4881,7.83E+06
4882,1.55E+07
4883,4.36E+07
4884,1.10E+08
4885,2.41E+07
4886,3.17E+07
4887,8.15E+06
4888,1.34E+07
4889,1.84E+07
4890,9.11E+07
4891,4.16E+05
4892,5.74E+06
4893,3.62E+07
4894,3.16E+06
4895,9.43E+06
4896,2.67E+08
4897,4.01E+06
4898,1.21E+08
4899,1.02E+08
4900,1.66E+08
4901,3.03E+07
4902,4.07E+06
4903,1.72E+07
4904,3.25E+08
4905,2.22E+07
4906,7.26E+05
4907,9.49E+08
4908,4.41E+07
4909,7.05E+07
4910,5.76E+07
4911,3.83E+07
4912,6.91E+07
4913,1.34E+07
4914,6.75E+07
4915,1.20E+08
4916,5.00E+07
4917,1.19E+07
4918,1.25E+08
4919,2.63E+07
4920,7.06E+07
4921,1.47E+08
4922,2.87E+07
4923,1.01E+07
4924,1.20E+08
4925,1.67E+08
4926,9.22E+06
4927,1.09E+08
4928,3.13E+07
4929,3.59E+07
4930,4.39E+07
4931,1.12E+07
4932,5.04E+06
4933,1.42E+08
4934,4.68E+06
4935,5.30E+08
4936,2.33E+07
4937,1.36E+06
4938,1.33E+07
4939,1.76E+06
4940,3.52E+06
4941,1.45E+08
4942,3.17E+06
4943,4.84E+07
4944,1.05E+08
4945,1.46E+07
4946,7.36E+06
4947,2.65E+06
4948,2.60E+07
4949,3.34E+07
4950,7.33E+07
4951,2.98E+07
4952,5.37E+07
4953,1.19E+08
4954,4.95E+07
4955,1.44E+07
4956,3.75E+06
4957,4.58E+07
4958,1.54E+07
4959,1.77E+07
4960,7.40E+06
4961,1.24E+08
4962,8.26E+06
4963,1.06E+08
4964,2.90E+07
4965,3.53E+05
4966,1.08E+07
4967,8.63E+07
4968,1.72E+07
4969,1.79E+05
4970,2.38E+06
4971,1.06E+08
4972,3.45E+07
4973,5.83E+07
4974,1.32E+08
4975,2.26E+07
4976,1.56E+06
4977,1.55E+08
4978,1.42E+07
4979,8.71E+06
4980,3.32E+07
4981,6.87E+07
4982,1.42E+08
4983,5.38E+06
4984,5.69E+07
4985,3.25E+08
4986,8.87E+06
4987,3.31E+06
4988,3.50E+06
4989,1.41E+07
4990,1.26E+06
4991,2.99E+07
4992,1.69E+08
4993,1.00E+07
4994,8.23E+07
4995,6.34E+06
4996,1.87E+07
4997,9.86E+07
4998,2.08E+07
4999,1.17E+08
5000,1.44E+08
5001,2.05E+08
5002,2.77E+08
5003,9.72E+07
5004,2.87E+07
5005,3.13E+07
5006,4.27E+08
5007,3.56E+07
5008,5.36E+08
5009,6.32E+07
5010,3.06E+06
5011,4.47E+06
5012,7.60E+07
5013,1.93E+07
5014,5.74E+07
5015,1.49E+07
5016,1.44E+08
5017,4.42E+07
5018,2.05E+08
5019,1.03E+08
5020,3.63E+07
5021,5.09E+05
5022,3.90E+07
5023,5.96E+06
5024,1.29E+08
5025,1.47E+06
5026,2.61E+08
5027,4.35E+07
5028,4.18E+07
5029,9.74E+07
5030,2.97E+07
5031,4.58E+06
5032,1.49E+08
5033,4.80E+06
5034,5.67E+06
5035,4.41E+06
5036,2.42E+07
5037,2.98E+07
5038,3.31E+08
5039,1.99E+06
5040,7.94E+07
5041,6.02E+07
5042,2.68E+07
5043,4.08E+07
5044,1.31E+08
5045,7.66E+06
5046,8.54E+06
5047,2.64E+07
5048,5.61E+06
5049,6.41E+07
5050,3.55E+07
5051,2.89E+08
5052,1.67E+08
5053,1.39E+07
5054,3.79E+07
5055,1.03E+07
5056,2.70E+07
5057,2.76E+07
5058,8.28E+06
5059,2.24E+07
5060,9.58E+07
5061,2.57E+07
5062,2.52E+06
5063,3.25E+05
5064,6.65E+07
5065,1.51E+07
5066,1.85E+07
5067,7.73E+07
5068,2.28E+07
5069,8.50E+07
5070,1.12E+07
5071,1.46E+08
5072,8.53E+07
5073,2.16E+07
5074,6.45E+06
5075,7.19E+06
5076,5.80E+07
5077,7.48E+07
5078,1.42E+07
5079,8.14E+06
5080,1.27E+08
5081,6.31E+07
5082,2.30E+07
5083,6.51E+06
5084,1.39E+07
5085,4.09E+06
5086,1.32E+07
5087,1.09E+07
5088,8.73E+06
5089,1.49E+07
5090,1.24E+07
5091,4.51E+07
5092,5.56E+07
5093,4.55E+07
5094,5.57E+07
5095,1.23E+08
5096,3.33E+07
5097,1.68E+07
5098,5.63E+05
5099,2.57E+06
5100,9.84E+06
5101,2.23E+06
5102,1.25E+07
5103,4.00E+06
5104,4.66E+07
5105,1.37E+07
5106,1.02E+07
5107,2.91E+07
5108,2.34E+07
5109,3.32E+06
5110,4.25E+07
5111,1.22E+08
5112,1.83E+07
5113,5.49E+05
5114,6.89E+07
5115,8.85E+06
5116,1.04E+07
5117,3.05E+08
5118,3.44E+07
5119,6.53E+05
5120,2.56E+06
5121,1.52E+08
5122,4.01E+07
5123,5.03E+07
5124,8.65E+06
5125,1.84E+07
5126,1.34E+07
5127,4.63E+07
5128,3.47E+05
5129,5.16E+05
5130,4.20E+07
5131,8.62E+06
5132,8.48E+07
5133,1.85E+08
5134,1.07E+08
5135,1.52E+08
5136,1.85E+07
5137,1.15E+08
5138,4.51E+07
5139,1.51E+08
5140,1.74E+08
5141,6.04E+07
5142,1.30E+08
5143,9.45E+07
5144,3.62E+07
5145,4.40E+07
5146,4.51E+07
5147,1.18E+07
5148,2.93E+07
5149,1.46E+06
5150,4.38E+08
5151,4.91E+08
5152,1.24E+08
5153,1.06E+07
5154,5.36E+07
5155,6.43E+07
5156,6.17E+08
5157,2.43E+07
5158,1.74E+07
5159,9.23E+07
5160,3.98E+07
5161,3.08E+07
5162,4.83E+07
5163,2.21E+08
5164,2.17E+06
5165,4.18E+07
5166,1.36E+08
5167,5.83E+06
5168,2.04E+07
5169,1.40E+07
5170,1.47E+08
5171,1.31E+08
5172,2.76E+07
5173,1.00E+08
5174,1.53E+08
5175,3.30E+06
5176,6.23E+06
5177,1.78E+08
5178,9.26E+08
5179,3.53E+06
5180,4.57E+07
5181,1.56E+06
5182,4.73E+07
5183,2.67E+06
5184,3.18E+07
5185,2.81E+07
5186,7.67E+07
5187,3.19E+06
5188,7.21E+06
5189,7.41E+07
5190,2.36E+08
5191,3.94E+07
5192,1.53E+08
5193,1.35E+08
5194,4.06E+07
5195,1.97E+08
5196,2.52E+08
5197,4.35E+07
5198,4.42E+07
5199,1.91E+07
5200,8.53E+06
5201,4.54E+07
5202,4.08E+06
5203,5.77E+06
5204,8.59E+06
5205,7.05E+06
5206,4.85E+07
5207,1.32E+07
5208,7.53E+07
5209,8.85E+07
5210,2.20E+07
5211,1.78E+07
5212,6.80E+07
5213,1.17E+08
5214,2.02E+05
5215,2.31E+07
5216,8.55E+07
5217,1.07E+07
5218,1.56E+07
5219,2.76E+07
5220,8.83E+07
5221,2.53E+06
5222,9.89E+06
5223,2.36E+08
5224,2.39E+05
5225,1.31E+07
5226,7.80E+07
5227,3.70E+06
5228,3.77E+07
5229,1.34E+08
5230,1.71E+07
5231,2.08E+07
5232,1.14E+06
5233,8.90E+05
5234,9.72E+07
5235,2.62E+07
5236,1.43E+08
5237,1.75E+08
5238,1.02E+07
5239,2.55E+07
5240,1.32E+08
5241,6.85E+07
5242,4.24E+07
5243,8.50E+06
5244,1.18E+08
5245,1.87E+07
5246,2.48E+07
5247,2.23E+07
5248,3.31E+06
5249,8.23E+07
5250,1.56E+08
5251,4.32E+07
5252,3.07E+05
5253,9.52E+06
5254,6.61E+06
5255,1.21E+08
5256,7.60E+07
5257,3.51E+06
5258,1.72E+07
5259,1.16E+08
5260,4.61E+07
5261,5.96E+07
5262,7.09E+06
5263,7.61E+07
5264,8.81E+06
5265,3.57E+07
5266,3.09E+07
5267,2.53E+06
5268,3.27E+07
5269,8.08E+07
5270,2.20E+08
5271,3.16E+07
5272,8.29E+07
5273,9.00E+06
5274,5.54E+07
5275,2.63E+07
5276,3.84E+07
5277,5.88E+06
5278,2.47E+07
5279,1.30E+07
5280,4.08E+06
5281,1.52E+07
5282,6.41E+07
5283,2.42E+06
5284,1.44E+07
5285,6.82E+07
5286,1.60E+07
5287,1.10E+07
5288,1.15E+06
5289,1.40E+08
5290,9.65E+07
5291,4.83E+08
5292,7.91E+07
5293,1.77E+08
5294,7.14E+06
5295,7.10E+08
5296,2.16E+06
5297,6.86E+07
5298,1.58E+08
5299,2.58E+06
5300,1.47E+07
5301,1.08E+07
5302,1.02E+08
5303,1.09E+07
5304,1.57E+07
5305,4.93E+06
5306,6.64E+07
5307,2.16E+08
5308,1.38E+06
5309,2.36E+06
5310,9.43E+07
5311,5.25E+07
5312,1.36E+08
5313,5.73E+08
5314,9.59E+07
5315,2.49E+06
5316,3.64E+07
5317,2.07E+07
5318,2.33E+07
5319,3.25E+07
5320,2.23E+07
5321,2.79E+07
5322,1.28E+06
5323,1.52E+08
5324,2.82E+07
5325,1.78E+07
5326,2.50E+07
5327,7.66E+07
5328,2.04E+07
5329,7.45E+06
5330,1.35E+08
5331,1.19E+07
5332,4.77E+06
5333,6.42E+07
5334,3.52E+07
5335,4.40E+06
5336,3.02E+07
5337,7.02E+06
5338,3.20E+07
5339,2.71E+07
5340,1.77E+07
5341,9.47E+07
5342,1.34E+08
5343,4.87E+07
5344,1.04E+08
5345,8.81E+06
5346,7.49E+07
5347,3.72E+07
5348,2.02E+07
5349,1.63E+06
5350,3.47E+06
5351,1.32E+08
5352,6.64E+06
5353,3.06E+07
5354,6.97E+07
5355,5.99E+07
5356,4.60E+07
5357,2.55E+06
5358,1.68E+08
5359,2.71E+07
5360,1.11E+08
5361,1.92E+07
5362,3.84E+07
5363,3.76E+07
5364,1.16E+07
5365,8.47E+07
5366,4.64E+07
5367,8.44E+07
5368,8.49E+06
5369,5.53E+08
5370,2.81E+07
5371,6.74E+07
5372,6.25E+08
5373,1.45E+07
5374,1.09E+08
5375,1.59E+08
5376,9.36E+07
5377,9.66E+06
5378,6.41E+06
5379,2.27E+07
5380,5.60E+07
5381,8.24E+07
5382,8.00E+07
5383,8.93E+05
5384,2.09E+08
5385,1.00E+08
5386,2.04E+08
5387,6.90E+06
5388,1.41E+08
5389,6.61E+07
5390,3.02E+07
5391,3.87E+07
5392,3.12E+06
5393,2.17E+07
5394,5.81E+07
5395,5.67E+07
5396,1.89E+08
5397,2.53E+06
5398,9.50E+06
5399,3.30E+05
5400,1.70E+07
5401,1.29E+08
5402,8.20E+07
5403,6.12E+07
5404,2.99E+06
5405,6.85E+07
5406,1.22E+07
5407,2.47E+08
5408,5.77E+08
5409,1.34E+08
5410,5.23E+06
5411,3.20E+07
5412,7.55E+05
5413,3.60E+06
5414,1.03E+08
5415,7.44E+07
5416,5.92E+07
5417,1.01E+08
5418,3.15E+06
5419,4.19E+06
5420,3.16E+07
5421,9.27E+07
5422,8.82E+07
5423,1.66E+08
5424,2.19E+08
5425,3.34E+07
5426,1.05E+07
5427,1.67E+06
5428,4.55E+06
5429,4.47E+07
5430,2.05E+08
5431,5.46E+07
5432,7.22E+07
5433,6.02E+07
5434,6.74E+07
5435,7.86E+07
5436,2.87E+07
5437,6.71E+07
5438,6.42E+06
5439,7.92E+06
5440,1.12E+08
5441,5.04E+06
5442,1.53E+08
5443,1.07E+08
5444,1.13E+08
5445,6.95E+07
5446,1.13E+08
5447,2.00E+07
5448,6.81E+06
5449,1.18E+08
5450,9.10E+06
5451,1.81E+07
5452,5.53E+06
5453,1.81E+08
5454,1.06E+08
5455,1.40E+07
5456,4.63E+06
5457,5.19E+07
5458,1.75E+07
5459,7.92E+06
5460,1.78E+06
5461,2.76E+05
5462,9.17E+06
5463,9.44E+08
5464,1.12E+07
5465,1.99E+07
5466,5.22E+07
5467,6.94E+07
5468,1.25E+08
5469,2.45E+06
5470,2.51E+08
5471,1.15E+08
5472,1.45E+08
5473,3.27E+07
5474,3.42E+07
5475,3.02E+07
5476,7.00E+06
5477,3.26E+07
5478,8.60E+07
5479,9.68E+07
5480,1.92E+07
5481,3.92E+06
5482,1.27E+07
5483,3.41E+07
5484,1.15E+08
5485,2.06E+07
5486,5.98E+06
5487,3.51E+08
5488,1.35E+08
5489,4.24E+07
5490,1.95E+06
5491,1.82E+08
5492,2.07E+07
5493,1.76E+07
5494,2.06E+06
5495,2.87E+07
5496,2.07E+08
5497,3.14E+07
5498,7.88E+06
5499,8.15E+07
5500,3.07E+07
5501,1.12E+07
5502,1.88E+07
5503,2.02E+07
5504,3.08E+07
5505,9.70E+05
5506,3.94E+08
5507,3.53E+07
5508,1.12E+08
5509,1.10E+08
5510,1.88E+07
5511,8.37E+06
5512,1.23E+08
5513,5.85E+06
5514,1.37E+07
5515,4.81E+06
5516,2.12E+06
5517,3.13E+08
5518,9.04E+06
5519,1.78E+08
5520,1.86E+06
5521,4.13E+07
5522,1.00E+06
5523,3.58E+08
5524,4.50E+08
5525,5.72E+07
5526,7.56E+06
5527,9.77E+05
5528,6.10E+07
5529,2.58E+06
5530,3.05E+08
5531,5.52E+06
5532,2.35E+07
5533,1.16E+08
5534,5.13E+08
5535,2.00E+06
5536,1.30E+07
5537,2.39E+07
5538,3.11E+07
5539,1.94E+08
5540,6.73E+07
5541,1.94E+08
5542,9.46E+05
5543,1.69E+07
5544,5.30E+07
5545,8.72E+06
5546,3.75E+07
5547,1.74E+07
5548,4.33E+06
5549,5.80E+07
5550,4.20E+07
5551,2.90E+07
5552,9.50E+07
5553,8.07E+07
5554,1.87E+07
5555,2.57E+07
5556,2.96E+07
5557,1.37E+07
5558,5.10E+08
5559,1.67E+07
5560,2.88E+06
5561,1.98E+07
5562,7.77E+07
5563,5.15E+05
5564,6.28E+06
5565,1.34E+07
5566,1.60E+07
5567,2.17E+07
5568,2.10E+07
5569,7.04E+07
5570,7.20E+07
5571,1.19E+08
5572,1.64E+06
5573,2.01E+08
5574,5.03E+07
5575,1.54E+08
5576,5.09E+07
5577,3.89E+07
5578,3.84E+07
5579,1.53E+07
5580,3.16E+06
5581,2.87E+07
5582,3.53E+07
5583,4.32E+07
5584,5.00E+07
5585,8.29E+06
5586,1.79E+06
5587,3.70E+07
5588,1.29E+08
5589,1.14E+08
5590,3.49E+07
5591,9.71E+07
5592,1.69E+07
5593,5.87E+07
5594,8.92E+06
5595,4.20E+07
5596,1.71E+08
5597,6.24E+06
5598,8.09E+05
5599,1.19E+07
5600,1.62E+07
5601,5.45E+07
5602,9.72E+07
5603,1.64E+06
5604,7.03E+06
5605,1.41E+08
5606,7.97E+07
5607,3.40E+07
5608,9.70E+07
5609,2.50E+07
5610,2.84E+07
5611,4.80E+07
5612,5.99E+08
5613,1.25E+07
5614,2.94E+07
5615,6.23E+07
5616,1.87E+07
5617,3.02E+08
5618,2.56E+07
5619,6.61E+07
5620,6.68E+06
5621,7.49E+07
5622,1.24E+07
5623,3.04E+07
5624,6.16E+08
5625,2.42E+06
5626,2.62E+06
5627,2.01E+08
5628,3.39E+07
5629,2.99E+08
5630,3.96E+07
5631,5.79E+07
5632,6.09E+07
5633,7.75E+06
5634,3.68E+07
5635,1.11E+08
5636,4.22E+06
5637,2.43E+07
5638,1.64E+08
5639,1.21E+07
5640,1.01E+07
5641,8.27E+07
5642,4.17E+07
5643,6.17E+07
5644,4.89E+08
5645,1.58E+08
5646,1.34E+07
5647,3.33E+06
5648,9.00E+07
5649,1.71E+07
5650,1.20E+08
5651,3.19E+07
5652,3.82E+06
5653,1.29E+08
5654,8.13E+07
5655,4.03E+07
5656,5.54E+08
5657,9.07E+05
5658,3.35E+07
5659,7.31E+06
5660,1.47E+08
5661,4.68E+06
5662,2.63E+08
5663,2.47E+07
5664,1.75E+07
5665,7.68E+07
5666,1.37E+07
5667,4.65E+07
5668,2.84E+06
5669,7.89E+06
5670,5.34E+08
5671,2.75E+07
5672,8.24E+06
5673,1.36E+08
5674,6.29E+07
5675,5.23E+05
5676,1.24E+06
5677,3.69E+07
5678,1.20E+08
5679,2.04E+06
5680,3.95E+07
5681,9.46E+08
5682,7.25E+06
5683,4.42E+08
5684,1.21E+08
5685,2.44E+07
5686,4.18E+06
5687,1.23E+08
5688,7.46E+07
5689,4.97E+07
5690,1.01E+07
5691,5.06E+07
5692,5.93E+08
5693,6.51E+07
5694,7.44E+07
5695,1.74E+07
5696,3.66E+07
5697,8.14E+05
5698,4.74E+06
5699,8.06E+06
5700,9.94E+07
5701,1.85E+07
5702,4.02E+07
5703,8.86E+07
5704,9.77E+07
5705,1.31E+07
5706,4.66E+05
5707,3.48E+07
5708,1.06E+07
5709,1.81E+07
5710,8.84E+06
5711,1.40E+07
5712,9.20E+07
5713,1.80E+07
5714,1.76E+07
5715,2.69E+06
5716,1.66E+06
5717,1.91E+07
5718,8.67E+06
5719,6.07E+07
5720,2.84E+07
5721,1.10E+08
5722,7.63E+06
5723,2.70E+07
5724,4.70E+05
5725,2.98E+06
5726,9.80E+07
5727,1.45E+08
5728,1.60E+07
5729,1.86E+08
5730,1.01E+07
5731,2.04E+06
5732,1.17E+07
5733,3.87E+06
5734,6.40E+07
5735,2.18E+07
5736,7.73E+07
5737,7.31E+07
5738,8.63E+07
5739,3.51E+07
5740,1.35E+07
5741,1.28E+08
5742,8.25E+07
5743,4.80E+07
5744,1.73E+06
5745,1.81E+07
5746,1.87E+07
5747,4.42E+06
5748,1.12E+08
5749,7.76E+07
5750,6.50E+07
5751,7.89E+07
5752,8.62E+06
5753,3.35E+08
5754,1.73E+07
5755,8.74E+07
5756,1.95E+07
5757,8.30E+06
5758,2.03E+06
5759,4.80E+07
5760,5.10E+06
5761,4.52E+05
5762,1.42E+08
5763,7.71E+07
5764,1.55E+06
5765,2.87E+07
5766,6.87E+07
5767,6.00E+07
5768,2.65E+07
5769,3.30E+08
5770,1.26E+07
5771,4.38E+07
5772,1.57E+07
5773,4.07E+08
5774,1.14E+08
5775,3.86E+07
5776,2.90E+07
5777,1.23E+08
5778,1.45E+08
5779,3.31E+08
5780,5.58E+06
5781,1.44E+08
5782,9.73E+07
5783,8.59E+07
5784,4.19E+06
5785,9.10E+07
5786,7.61E+06
5787,1.91E+08
5788,6.07E+06
5789,4.25E+07
5790,1.12E+08
5791,9.64E+07
5792,3.55E+06
5793,6.82E+07
5794,7.48E+07
5795,8.35E+07
5796,4.43E+07
5797,6.02E+07
5798,1.55E+06
5799,2.77E+08
5800,9.50E+05
5801,5.39E+06
5802,6.45E+06
5803,1.22E+07
5804,5.19E+08
5805,1.60E+07
5806,2.31E+07
5807,5.55E+07
5808,7.49E+07
5809,1.74E+07
5810,8.98E+06
5811,2.71E+07
5812,1.13E+08
5813,1.25E+08
5814,1.21E+07
5815,5.75E+06
5816,1.18E+07
5817,2.88E+05
5818,4.87E+06
5819,4.95E+07
5820,1.89E+07
5821,2.26E+06
5822,1.51E+05
5823,5.96E+07
5824,6.16E+07
5825,2.29E+07
5826,6.68E+06
5827,3.43E+06
5828,3.72E+08
5829,8.91E+07
5830,1.01E+08
5831,1.25E+08
5832,5.57E+07
5833,1.66E+07
5834,4.59E+07
5835,4.60E+05
5836,1.11E+08
5837,5.16E+07
5838,2.17E+06
5839,1.01E+08
5840,2.22E+06
5841,1.07E+08
5842,5.10E+07
5843,1.48E+07
5844,1.71E+07
5845,1.43E+06
5846,1.25E+07
5847,1.04E+08
5848,7.33E+07
5849,2.87E+06
5850,4.89E+07
5851,5.75E+07
5852,9.36E+06
5853,4.26E+07
5854,1.89E+07
5855,1.29E+08
5856,2.25E+07
5857,5.55E+08
5858,1.87E+06
5859,7.43E+07
5860,1.86E+08
5861,9.88E+06
5862,5.84E+07
5863,9.76E+07
5864,4.55E+08
5865,1.13E+07
5866,1.11E+07
5867,1.90E+07
5868,4.18E+07
5869,1.09E+07
5870,2.51E+06
5871,2.13E+08
5872,2.76E+08
5873,3.74E+06
5874,8.19E+06
5875,4.64E+07
5876,3.98E+07
5877,1.37E+07
5878,1.26E+08
5879,1.04E+07
5880,8.66E+07
5881,1.25E+08
5882,2.81E+08
5883,1.93E+07
5884,5.07E+07
5885,2.52E+07
5886,1.43E+07
5887,2.64E+07
5888,8.07E+06
5889,4.45E+06
5890,1.03E+08
5891,5.31E+07
5892,1.98E+07
5893,2.26E+07
5894,1.11E+08
5895,3.10E+07
5896,1.17E+08
5897,1.06E+06
5898,5.00E+07
5899,1.70E+06
5900,9.89E+06
5901,3.61E+05
5902,1.77E+07
5903,6.63E+07
5904,9.42E+07
5905,5.29E+07
5906,1.17E+08
5907,1.09E+07
5908,6.24E+07
5909,1.35E+07
5910,5.85E+07
5911,1.10E+07
5912,2.17E+08
5913,7.06E+07
5914,1.69E+07
5915,1.97E+07
5916,7.02E+07
5917,1.86E+08
5918,8.80E+07
5919,1.17E+08
5920,4.96E+06
5921,2.96E+07
5922,3.01E+07
5923,1.17E+07
5924,7.89E+06
5925,5.47E+08
5926,1.95E+06
5927,4.95E+06
5928,3.45E+07
5929,1.04E+07
5930,8.87E+07
5931,7.05E+07
5932,4.45E+06
5933,2.36E+07
5934,1.20E+08
5935,3.78E+08
5936,1.17E+08
5937,5.60E+06
5938,2.10E+07
5939,1.40E+08
5940,1.18E+08
5941,8.06E+06
5942,1.65E+08
5943,2.26E+07
5944,3.56E+07
5945,1.22E+07
5946,6.46E+05
5947,2.84E+06
5948,1.56E+08
5949,5.44E+06
5950,1.41E+08
5951,7.65E+07
5952,1.70E+07
5953,1.62E+08
5954,9.86E+06
5955,5.39E+07
5956,9.85E+07
5957,5.65E+07
5958,7.62E+07
5959,9.55E+06
5960,1.74E+07
5961,6.81E+06
5962,1.09E+07
5963,3.27E+07
5964,5.79E+07
5965,5.54E+07
5966,5.59E+07
5967,4.80E+08
5968,1.11E+08
5969,8.54E+07
5970,5.57E+07
5971,1.22E+07
5972,4.40E+06
5973,7.98E+07
5974,4.29E+06
5975,1.59E+07
5976,3.59E+07
5977,3.26E+06
5978,8.48E+08
5979,7.40E+06
5980,2.39E+08
5981,6.17E+06
5982,1.33E+08
5983,1.48E+06
5984,4.33E+07
5985,1.08E+08
5986,3.75E+05
5987,1.52E+07
5988,4.89E+07
5989,1.97E+06
5990,1.39E+08
5991,4.70E+06
5992,4.19E+07
5993,4.52E+07
5994,3.67E+06
5995,3.38E+07
5996,2.86E+07
5997,3.15E+07
5998,3.55E+08
5999,5.63E+06
6000,5.50E+06
6001,1.54E+07
6002,8.20E+06
6003,4.51E+08
6004,6.38E+07
6005,4.63E+06
6006,1.31E+07
6007,1.21E+07
6008,8.40E+06
6009,8.05E+07
6010,8.96E+07
6011,3.21E+07
6012,1.83E+07
6013,2.95E+08
6014,1.78E+07
6015,4.38E+07
6016,1.69E+07
6017,7.83E+06
6018,3.75E+07
6019,4.64E+06
6020,5.27E+06
6021,1.48E+07
6022,3.62E+06
6023,9.82E+07
6024,5.78E+06
6025,1.09E+07
6026,2.10E+08
6027,2.39E+07
6028,1.15E+08
6029,5.03E+06
6030,3.10E+08
6031,8.90E+07
6032,2.00E+06
6033,5.22E+07
6034,4.19E+06
6035,4.20E+08
6036,1.38E+07
6037,4.53E+05
6038,1.58E+05
6039,8.45E+06
6040,6.18E+07
6041,3.19E+08
6042,4.50E+06
6043,2.10E+08
6044,9.71E+06
6045,6.87E+07
6046,1.80E+06
6047,3.31E+06
6048,1.23E+07
6049,5.13E+06
6050,3.61E+06
6051,1.35E+06
6052,5.99E+07
6053,7.98E+05
6054,2.78E+07
6055,1.34E+07
6056,3.03E+07
6057,1.09E+07
6058,3.01E+07
6059,1.20E+08
6060,5.13E+07
6061,7.38E+07
6062,5.50E+06
6063,9.92E+07
6064,3.11E+06
6065,1.86E+08
6066,4.04E+07
6067,7.08E+07
6068,3.52E+05
6069,1.65E+08
6070,1.82E+08
6071,1.78E+07
6072,1.93E+07
6073,2.17E+07
6074,4.72E+06
6075,7.86E+06
6076,6.03E+07
6077,2.77E+06
6078,8.37E+07
6079,5.35E+08
6080,4.42E+06
6081,4.37E+07
6082,6.01E+06
6083,1.63E+08
6084,2.54E+07
6085,3.99E+07
6086,8.24E+06
6087,1.39E+08
6088,5.34E+06
6089,6.18E+06
6090,3.82E+08
6091,2.81E+06
6092,5.07E+07
6093,1.83E+07
6094,1.56E+08
6095,2.20E+08
6096,1.18E+07
6097,4.20E+07
6098,3.00E+07
6099,5.63E+07
6100,5.78E+07
6101,1.92E+08
6102,6.76E+07
6103,1.01E+08
6104,1.97E+06
6105,2.77E+06
6106,4.99E+05
6107,9.84E+05
6108,3.14E+07
6109,4.16E+07
6110,9.32E+07
6111,5.62E+05
6112,5.21E+05
6113,1.15E+07
6114,1.47E+08
6115,1.19E+08
6116,2.67E+06
6117,3.59E+07
6118,7.32E+07
6119,1.07E+08
6120,5.86E+07
6121,3.36E+06
6122,6.24E+07
6123,3.48E+05
6124,6.41E+06
6125,1.23E+07
6126,1.24E+07
6127,1.89E+07
6128,4.72E+08
6129,1.60E+06
6130,3.73E+06
6131,1.36E+07
6132,1.29E+05
6133,3.51E+07
6134,8.48E+07
6135,5.78E+07
6136,5.12E+08
6137,1.63E+08
6138,5.14E+06
6139,1.05E+09
6140,1.49E+07
6141,1.17E+07
6142,1.25E+06
6143,1.34E+07
6144,2.67E+07
6145,2.92E+07
6146,4.32E+07
6147,7.74E+07
6148,1.53E+07
6149,9.68E+07
6150,3.94E+08
6151,3.55E+07
6152,1.01E+09
6153,5.06E+07
6154,1.82E+06
6155,1.01E+08
6156,5.04E+06
6157,1.81E+07
6158,7.68E+07
6159,2.58E+07
6160,6.27E+07
6161,1.23E+07
6162,8.77E+07
6163,7.32E+06
6164,2.28E+07
6165,1.04E+07
6166,2.90E+07
6167,5.50E+07
6168,2.03E+07
6169,6.63E+07
6170,2.34E+07
6171,2.11E+07
6172,4.19E+07
6173,3.45E+07
6174,9.19E+07
6175,2.18E+07
6176,6.54E+07
6177,7.53E+07
6178,2.38E+06
6179,2.45E+08
6180,6.35E+07
6181,6.52E+07
6182,5.10E+08
6183,3.88E+07
6184,7.71E+08
6185,1.36E+07
6186,1.14E+07
6187,8.65E+06
6188,2.60E+07
6189,2.88E+07
6190,8.64E+07
6191,1.01E+07
6192,7.67E+07
6193,1.26E+07
6194,2.05E+06
6195,1.46E+06
6196,4.19E+07
6197,4.27E+06
6198,1.25E+08
6199,7.01E+08
6200,2.37E+06
6201,1.39E+07
6202,1.41E+08
6203,6.11E+08
6204,9.78E+06
6205,1.61E+07
6206,5.43E+07
6207,1.11E+08
6208,5.88E+07
6209,2.07E+06
6210,2.00E+06
6211,1.58E+08
6212,9.77E+06
6213,8.18E+07
6214,3.38E+07
6215,2.03E+07
6216,4.29E+07
6217,1.10E+06
6218,6.00E+06
6219,4.64E+07
6220,2.07E+06
6221,2.15E+07
6222,2.47E+06
6223,5.62E+07
6224,6.60E+07
6225,8.54E+07
6226,1.13E+07
6227,2.01E+07
6228,7.43E+06
6229,7.28E+06
6230,5.94E+05
6231,1.06E+08
6232,3.31E+06
6233,2.31E+08
6234,3.37E+07
6235,6.25E+07
6236,3.67E+07
6237,6.78E+06
6238,1.82E+07
6239,1.39E+08
6240,2.40E+08
6241,4.28E+06
6242,6.98E+06
6243,3.57E+07
6244,8.79E+07
6245,4.69E+06
6246,2.63E+06
6247,6.56E+08
6248,7.26E+06
6249,1.60E+07
6250,5.37E+07
6251,1.55E+08
6252,2.60E+07
6253,1.42E+07
6254,1.91E+08
6255,4.88E+06
6256,1.51E+07
6257,1.06E+08
6258,1.83E+06
6259,1.33E+07
6260,1.40E+07
6261,1.34E+08
6262,2.98E+07
6263,9.17E+07
6264,1.42E+07
6265,9.51E+06
6266,2.03E+07
6267,1.56E+08
6268,9.28E+05
6269,1.90E+08
6270,1.29E+08
6271,1.41E+08
6272,3.56E+06
6273,2.16E+07
6274,2.95E+08
6275,5.59E+07
6276,1.25E+07
6277,2.09E+07
6278,2.67E+06
6279,3.21E+07
6280,1.10E+08
6281,7.05E+06
6282,5.63E+08
6283,3.84E+07
6284,7.49E+07
6285,7.06E+07
6286,1.28E+07
6287,1.01E+07
6288,2.03E+08
6289,2.08E+08
6290,3.50E+06
6291,8.39E+07
6292,1.69E+08
6293,3.46E+08
6294,1.88E+07
6295,2.97E+08
6296,8.23E+06
6297,3.79E+07
6298,7.42E+06
6299,1.62E+06
6300,5.45E+07
6301,2.75E+07
6302,4.42E+06
6303,1.15E+07
6304,7.79E+07
6305,9.51E+07
6306,3.79E+07
6307,1.24E+06
6308,1.76E+07
6309,9.09E+06
6310,6.40E+07
6311,2.96E+06
6312,1.76E+07
6313,4.24E+07
6314,5.93E+07
6315,1.14E+07
6316,2.03E+07
6317,9.92E+07
6318,5.99E+07
6319,8.11E+07
6320,3.03E+06
6321,2.43E+08
6322,4.10E+07
6323,8.73E+06
6324,2.74E+06
6325,5.06E+07
6326,6.44E+06
6327,2.01E+07
6328,3.67E+07
6329,5.64E+06
6330,9.65E+06
6331,7.45E+07
6332,5.91E+06
6333,7.53E+06
6334,1.23E+06
6335,7.56E+07
6336,5.03E+07
6337,1.54E+08
6338,1.15E+06
6339,4.57E+07
6340,2.92E+06
6341,1.01E+07
6342,9.90E+06
6343,4.03E+07
6344,5.52E+07
6345,9.23E+06
6346,1.69E+08
6347,1.10E+08
6348,2.15E+07
6349,6.23E+07
6350,3.15E+06
6351,1.72E+08
6352,7.76E+07
6353,1.08E+07
6354,3.04E+06
6355,1.74E+05
6356,6.07E+07
6357,4.16E+06
6358,1.02E+07
6359,1.39E+07
6360,9.16E+06
6361,3.97E+08
6362,3.18E+06
6363,1.94E+07
6364,1.40E+07
6365,2.54E+08
6366,1.50E+07
6367,5.03E+07
6368,1.71E+07
6369,9.48E+06
6370,1.08E+08
6371,7.60E+06
6372,4.99E+07
6373,3.94E+06
6374,8.88E+06
6375,1.71E+08
6376,1.46E+07
6377,1.23E+07
6378,4.37E+06
6379,1.80E+08
6380,2.48E+07
6381,5.21E+08
6382,6.39E+07
6383,4.48E+07
6384,9.48E+07
6385,1.81E+07
6386,3.87E+08
6387,5.28E+06
6388,4.60E+06
6389,2.15E+06
6390,4.34E+07
6391,1.37E+07
6392,1.93E+07
6393,1.27E+08
6394,1.70E+08
6395,1.21E+06
6396,1.94E+07
6397,8.89E+06
6398,2.64E+07
6399,4.04E+06
6400,2.07E+07
6401,2.67E+06
6402,3.06E+07
6403,6.20E+06
6404,4.73E+07
6405,3.29E+06
6406,8.15E+06
6407,1.08E+07
6408,2.35E+07
6409,7.76E+07
6410,1.06E+07
6411,3.41E+06
6412,5.65E+06
6413,1.92E+07
6414,6.85E+08
6415,2.64E+06
6416,3.01E+06
6417,7.32E+07
6418,5.72E+07
6419,2.16E+07
6420,5.10E+07
6421,5.10E+07
6422,9.99E+05
6423,3.15E+07
6424,1.14E+08
6425,1.21E+08
6426,1.72E+07
6427,5.69E+06
6428,7.14E+06
6429,2.18E+07
6430,1.09E+08
6431,1.09E+08
6432,1.14E+08
6433,2.20E+07
6434,2.14E+07
6435,5.88E+07
6436,1.05E+08
6437,1.92E+07
6438,3.38E+07
6439,1.40E+07
6440,5.76E+07
6441,4.01E+07
6442,4.57E+06
6443,3.01E+07
6444,9.34E+05
6445,4.65E+08
6446,3.21E+08
6447,5.21E+07
6448,2.55E+06
6449,3.52E+07
6450,3.07E+07
6451,5.34E+06
6452,4.24E+07
6453,1.58E+08
6454,2.67E+07
6455,1.11E+07
6456,1.77E+07
6457,1.74E+08
6458,2.64E+06
6459,3.42E+07
6460,1.11E+08
6461,9.44E+07
6462,1.85E+08
6463,2.11E+06
6464,2.95E+07
6465,1.54E+07
6466,2.18E+07
6467,6.17E+06
6468,3.20E+06
6469,1.36E+07
6470,1.16E+07
6471,3.09E+06
6472,1.01E+07
6473,1.78E+07
6474,8.42E+06
6475,4.79E+06
6476,2.86E+08
6477,8.97E+07
6478,2.17E+07
6479,3.75E+08
6480,6.06E+07
6481,3.40E+07
6482,2.13E+06
6483,7.82E+06
6484,1.02E+08
6485,1.27E+08
6486,3.03E+06
6487,1.34E+08
6488,5.69E+07
6489,8.90E+06
6490,2.34E+07
6491,1.05E+07
6492,1.20E+07
6493,3.26E+07
6494,1.34E+08
6495,6.61E+07
6496,3.85E+08
6497,5.76E+08
6498,3.70E+07
6499,2.29E+07
6500,5.89E+06
6501,4.70E+06
6502,1.52E+08
6503,1.95E+07
6504,1.58E+07
6505,1.04E+07
6506,2.01E+07
6507,2.96E+07
6508,1.23E+08
6509,2.06E+07
6510,5.47E+06
6511,7.87E+06
6512,2.21E+07
6513,3.19E+07
6514,1.18E+07
6515,3.38E+08
6516,5.85E+07
6517,1.12E+07
6518,1.20E+07
6519,6.48E+07
6520,9.27E+06
6521,3.69E+08
6522,5.70E+07
6523,2.01E+07
6524,2.82E+07
6525,1.29E+08
6526,3.42E+08
6527,1.57E+06
6528,7.09E+06
6529,1.69E+07
6530,1.09E+08
6531,3.44E+06
6532,4.58E+07
6533,8.21E+06
6534,5.84E+08
6535,1.13E+07
6536,5.28E+07
6537,5.83E+07
6538,7.82E+07
6539,2.12E+08
6540,1.20E+08
6541,8.99E+07
6542,5.33E+07
6543,2.48E+06
6544,2.87E+07
6545,1.15E+07
6546,4.26E+08
6547,1.50E+06
6548,5.69E+07
6549,1.27E+08
6550,4.26E+07
6551,9.34E+07
6552,1.20E+07
6553,7.12E+06
6554,3.24E+07
6555,2.55E+07
6556,7.47E+07
6557,1.96E+07
6558,6.47E+07
6559,4.56E+07
6560,4.37E+08
6561,8.06E+06
6562,9.33E+07
6563,6.39E+06
6564,1.70E+07
6565,2.88E+07
6566,6.71E+07
6567,7.00E+07
6568,4.20E+07
6569,4.15E+06
6570,7.44E+07
6571,1.01E+07
6572,1.77E+05
6573,2.99E+07
6574,4.45E+07
6575,6.63E+06
6576,1.66E+07
6577,2.03E+07
6578,6.01E+07
6579,1.52E+07
6580,1.15E+07
6581,6.35E+07
6582,1.61E+06
6583,4.96E+05
6584,9.03E+05
6585,8.40E+07
6586,6.08E+07
6587,8.95E+07
6588,4.43E+06
6589,5.74E+07
6590,1.16E+08
6591,1.97E+07
6592,1.52E+08
6593,1.06E+08
6594,3.67E+07
6595,4.06E+05
6596,1.14E+08
6597,2.64E+06
6598,1.73E+07
6599,6.88E+07
6600,2.88E+07
6601,1.07E+08
6602,5.94E+08
6603,4.41E+07
6604,1.41E+07
6605,1.01E+08
6606,3.86E+06
6607,5.99E+07
6608,9.49E+05
6609,3.49E+06
6610,1.53E+07
6611,4.18E+07
6612,7.68E+08
6613,9.26E+07
6614,2.31E+08
6615,3.66E+06
6616,1.24E+08
6617,1.05E+08
6618,7.71E+07
6619,6.94E+06
6620,1.41E+07
6621,1.27E+08
6622,8.25E+07
6623,2.59E+08
6624,1.59E+08
6625,6.31E+07
6626,4.56E+07
6627,9.52E+07
6628,3.70E+05
6629,1.33E+07
6630,2.89E+06
6631,3.39E+06
6632,1.54E+07
6633,5.87E+06
6634,8.58E+06
6635,1.21E+06
6636,1.58E+08
6637,5.03E+07
6638,2.00E+06
6639,5.86E+06
6640,5.78E+07
6641,1.65E+08
6642,2.33E+08
6643,2.75E+06
6644,8.41E+06
6645,8.16E+07
6646,3.19E+07
6647,1.02E+06
6648,5.92E+07
6649,9.57E+06
6650,1.51E+07
6651,4.32E+07
6652,5.03E+06
6653,5.72E+07
6654,1.57E+08
6655,2.74E+07
6656,1.97E+07
6657,1.01E+08
6658,1.47E+07
6659,1.01E+07
6660,1.07E+07
6661,2.83E+06
6662,6.29E+07
6663,4.36E+08
6664,4.62E+06
6665,1.28E+06
6666,4.91E+07
6667,1.74E+08
6668,3.04E+07
6669,6.49E+07
6670,6.30E+06
6671,5.96E+07
6672,7.72E+06
6673,9.98E+07
6674,4.40E+08
6675,8.11E+07
6676,1.58E+07
6677,2.21E+06
6678,2.37E+07
6679,4.33E+08
6680,4.68E+07
6681,9.73E+08
6682,4.27E+07
6683,7.29E+07
6684,3.55E+06
6685,1.18E+07
6686,1.54E+07
6687,9.55E+07
6688,3.54E+07
6689,6.05E+07
6690,2.03E+08
6691,5.38E+06
6692,5.03E+08
6693,4.53E+07
6694,7.67E+07
6695,3.29E+07
6696,1.34E+08
6697,1.47E+07
6698,9.12E+06
6699,3.67E+08
6700,2.04E+08
6701,7.26E+07
6702,3.06E+07
6703,6.07E+06
6704,6.09E+06
6705,3.68E+07
6706,2.67E+07
6707,2.40E+07
6708,9.63E+07
6709,3.26E+06
6710,1.23E+08
6711,3.26E+07
6712,1.09E+08
6713,5.06E+06
6714,3.44E+06
6715,1.94E+07
6716,3.61E+07
6717,4.08E+08
6718,1.30E+07
6719,2.53E+07
6720,6.48E+05
6721,8.68E+07
6722,8.81E+06
6723,1.18E+08
6724,4.95E+07
6725,3.99E+06
6726,1.15E+08
6727,1.57E+07
6728,1.06E+07
6729,6.67E+06
6730,3.23E+07
6731,6.32E+06
6732,1.59E+07
6733,7.02E+07
6734,1.55E+07
6735,1.47E+08
6736,4.07E+07
6737,4.05E+06
6738,3.94E+07
6739,1.34E+07
6740,1.18E+06
6741,6.95E+06
6742,4.07E+07
6743,1.26E+08
6744,2.53E+07
6745,5.99E+06
6746,7.25E+07
6747,3.61E+07
6748,6.85E+05
6749,1.53E+07
6750,4.87E+06
6751,5.35E+06
6752,9.82E+07
6753,6.36E+06
6754,8.09E+07
6755,5.09E+06
6756,1.54E+08
6757,6.96E+07
6758,1.64E+07
6759,8.83E+07
6760,2.45E+07
6761,3.13E+07
6762,2.09E+06
6763,8.07E+07
6764,1.93E+07
6765,2.13E+08
6766,1.07E+06
6767,3.23E+07
6768,2.85E+08
6769,3.61E+07
6770,7.90E+07
6771,7.59E+06
6772,1.80E+07
6773,2.07E+07
6774,2.48E+08
6775,4.59E+08
6776,3.12E+06
6777,3.88E+07
6778,4.53E+07
6779,3.41E+07
6780,5.16E+07
6781,1.43E+07
6782,7.31E+07
6783,4.40E+07
6784,5.62E+07
6785,1.05E+08
6786,3.74E+06
6787,2.46E+07
6788,1.04E+07
6789,1.86E+06
6790,9.53E+06
6791,5.37E+07
6792,2.91E+08
6793,4.95E+07
6794,1.06E+07
6795,1.42E+07
6796,7.05E+08
6797,8.69E+07
6798,5.06E+07
6799,4.60E+06
6800,9.19E+07
6801,2.77E+08
6802,2.70E+07
6803,1.38E+08
6804,4.54E+06
6805,2.60E+07
6806,1.56E+07
6807,1.10E+08
6808,4.03E+06
6809,3.87E+07
6810,1.06E+07
6811,6.22E+07
6812,1.11E+07
6813,1.20E+08
6814,6.31E+06
6815,1.73E+07
6816,2.22E+07
6817,3.35E+05
6818,4.24E+05
6819,6.30E+07
6820,1.40E+08
6821,2.14E+07
6822,1.88E+07
6823,5.17E+07
6824,2.18E+08
6825,7.24E+07
6826,1.30E+07
6827,2.49E+06
6828,2.14E+06
6829,4.57E+06
6830,3.75E+06
6831,7.71E+07
6832,4.51E+07
6833,2.80E+07
6834,1.48E+07
6835,8.75E+07
6836,3.27E+06
6837,2.86E+08
6838,1.52E+07
6839,1.25E+07
6840,2.57E+07
6841,1.40E+07
6842,1.81E+07
6843,3.26E+07
6844,1.25E+08
6845,2.33E+07
6846,7.47E+07
6847,6.49E+05
6848,7.05E+06
6849,1.56E+07
6850,8.56E+07
6851,2.00E+08
6852,7.25E+06
6853,2.64E+07
6854,1.89E+07
6855,2.81E+07
6856,1.39E+07
6857,1.81E+07
6858,8.06E+06
6859,7.07E+07
6860,9.30E+06
6861,3.22E+07
6862,6.41E+07
6863,2.27E+08
6864,3.49E+06
6865,5.74E+06
6866,9.58E+07
6867,4.14E+07
6868,1.01E+09
6869,5.07E+07
6870,1.28E+06
6871,7.62E+07
6872,2.29E+06
6873,1.94E+07
6874,4.69E+07
6875,8.33E+06
6876,2.41E+07
6877,7.17E+07
6878,3.12E+06
6879,8.53E+06
6880,1.20E+06
6881,9.13E+06
6882,7.53E+07
6883,6.83E+07
6884,6.11E+07
6885,4.74E+07
6886,3.01E+06
6887,6.26E+07
6888,6.17E+07
6889,5.80E+06
6890,2.91E+07
6891,8.76E+07
6892,2.86E+08
6893,2.17E+08
6894,4.31E+07
6895,1.35E+06
6896,1.49E+06
6897,1.75E+06
6898,2.74E+07
6899,1.77E+07
6900,6.95E+07
6901,5.89E+07
6902,5.32E+06
6903,2.60E+07
6904,9.91E+07
6905,2.21E+07
6906,1.38E+08
6907,3.04E+07
6908,1.29E+07
6909,1.96E+06
6910,7.38E+06
6911,7.68E+06
6912,2.49E+07
6913,5.78E+08
6914,2.40E+08
6915,8.93E+06
6916,2.61E+07
6917,1.07E+09
6918,1.65E+08
6919,3.27E+06
6920,8.39E+07
6921,2.58E+08
6922,1.15E+07
6923,4.93E+06
6924,1.81E+06
6925,2.62E+07
6926,2.65E+07
6927,2.02E+06
6928,3.28E+07
6929,6.77E+07
6930,1.77E+08
6931,2.32E+07
6932,5.75E+06
6933,1.06E+07
6934,1.11E+08
6935,6.72E+06
6936,9.25E+06
6937,1.71E+08
6938,3.90E+06
6939,2.47E+06
6940,1.58E+08
6941,7.19E+07
6942,2.96E+07
6943,2.01E+07
6944,1.58E+08
6945,1.41E+07
6946,6.49E+07
6947,1.39E+07
6948,1.26E+07
6949,1.35E+08
6950,4.20E+08
6951,6.20E+05
6952,7.23E+07
6953,7.26E+07
6954,3.47E+07
6955,7.42E+07
6956,1.53E+07
6957,3.26E+05
6958,3.22E+06
6959,8.74E+06
6960,6.47E+07
6961,3.07E+07
6962,1.49E+08
6963,2.19E+07
6964,6.34E+07
6965,1.89E+07
6966,5.73E+07
6967,1.75E+08
6968,3.95E+06
6969,6.96E+06
6970,5.90E+07
6971,1.07E+08
6972,2.32E+06
6973,3.07E+07
6974,6.26E+07
6975,3.50E+07
6976,9.79E+06
6977,3.41E+06
6978,1.92E+07
6979,1.19E+08
6980,1.98E+07
6981,9.76E+06
6982,6.05E+07
6983,4.02E+06
6984,1.46E+08
6985,4.09E+08
6986,3.96E+07
6987,4.39E+06
6988,2.21E+07
6989,5.57E+06
6990,3.24E+08
6991,9.33E+06
6992,3.91E+06
6993,2.48E+06
6994,1.16E+07
6995,3.87E+07
6996,9.51E+07
6997,2.02E+06
6998,8.25E+06
6999,9.42E+07
7000,1.59E+07
7001,4.20E+06
7002,1.26E+07
7003,1.77E+07
7004,1.28E+08
7005,6.37E+06
7006,2.04E+06
7007,7.27E+06
7008,9.56E+07
7009,1.51E+07
7010,1.08E+07
7011,6.05E+06
7012,1.25E+07
7013,8.72E+06
7014,8.41E+06
7015,2.27E+08
7016,2.59E+08
7017,5.80E+07
7018,4.99E+07
7019,1.51E+08
7020,7.52E+07
7021,3.42E+07
7022,2.55E+07
7023,5.25E+07
7024,4.83E+07
7025,3.67E+07
7026,3.39E+08
7027,5.45E+07
7028,8.74E+06
7029,7.22E+07
7030,1.08E+08
7031,1.14E+08
7032,1.50E+07
7033,1.47E+07
7034,1.73E+06
7035,1.93E+07
7036,5.50E+06
7037,1.60E+07
7038,8.95E+06
7039,8.44E+07
7040,2.72E+07
7041,2.99E+07
7042,8.23E+07
7043,9.01E+06
7044,3.07E+07
7045,2.26E+07
7046,8.07E+07
7047,2.01E+08
7048,3.13E+07
7049,1.14E+08
7050,3.31E+05
7051,2.28E+07
7052,1.35E+08
7053,9.65E+06
7054,2.71E+07
7055,1.24E+08
7056,3.81E+08
7057,1.74E+07
7058,6.56E+06
7059,2.49E+07
7060,2.51E+07
7061,2.11E+07
7062,4.75E+07
7063,3.90E+06
7064,1.22E+08
7065,2.73E+07
7066,1.26E+07
7067,2.47E+06
7068,5.61E+07
7069,9.70E+04
7070,8.75E+07
7071,1.85E+08
7072,8.55E+05
7073,2.65E+07
7074,2.45E+06
7075,7.16E+07
7076,9.11E+07
7077,1.52E+07
7078,5.25E+07
7079,1.46E+07
7080,4.54E+06
7081,8.82E+06
7082,2.47E+06
7083,1.04E+07
7084,3.23E+07
7085,1.22E+07
7086,5.31E+06
7087,1.75E+08
7088,7.13E+07
7089,4.68E+06
7090,2.01E+07
7091,1.34E+07
7092,3.39E+08
7093,5.25E+07
7094,4.05E+07
7095,1.28E+07
7096,4.22E+07
7097,8.53E+07
7098,5.38E+07
7099,1.43E+08
7100,2.06E+07
7101,3.56E+07
7102,6.24E+06
7103,5.50E+07
7104,1.14E+07
7105,4.36E+07
7106,2.62E+07
7107,6.23E+07
7108,2.74E+06
7109,3.71E+07
7110,4.56E+06
7111,3.36E+07
7112,2.40E+08
7113,1.13E+08
7114,3.31E+07
7115,2.16E+07
7116,1.42E+07
7117,2.88E+06
7118,2.09E+07
7119,3.36E+07
7120,2.18E+06
7121,1.97E+07
7122,2.34E+06
7123,4.67E+06
7124,5.65E+08
7125,1.10E+08
7126,4.37E+08
7127,6.85E+07
7128,3.45E+07
7129,1.46E+07
7130,1.59E+07
7131,2.93E+07
7132,2.36E+07
7133,1.16E+08
7134,3.45E+07
7135,1.34E+08
7136,4.08E+07
7137,4.16E+07
7138,1.31E+07
7139,2.39E+06
7140,1.41E+08
7141,1.40E+06
7142,3.11E+07
7143,1.90E+08
7144,4.21E+06
7145,4.07E+07
7146,4.21E+06
7147,7.38E+07
7148,5.33E+07
7149,2.46E+07
7150,1.52E+07
7151,1.91E+07
7152,6.85E+07
7153,6.15E+06
7154,6.82E+07
7155,3.74E+08
7156,2.16E+07
7157,1.48E+08
7158,3.47E+06
7159,4.62E+06
7160,1.59E+07
7161,9.98E+07
7162,3.81E+08
7163,1.46E+07
7164,9.45E+05
7165,1.90E+08
7166,4.51E+07
7167,1.19E+06
7168,2.68E+05
7169,1.78E+07
7170,6.15E+07
7171,4.98E+07
7172,1.04E+07
7173,6.91E+06
7174,5.15E+06
7175,4.62E+06
7176,9.17E+07
7177,1.71E+08
7178,2.98E+07
7179,9.16E+07
7180,1.56E+06
7181,1.73E+07
7182,8.29E+07
7183,1.25E+06
7184,8.60E+08
7185,3.59E+07
7186,3.90E+07
7187,1.53E+08
7188,9.73E+07
7189,2.80E+07
7190,1.41E+07
7191,2.42E+06
7192,4.71E+07
7193,3.71E+07
7194,2.62E+08
7195,4.36E+07
7196,2.75E+07
7197,1.38E+07
7198,1.26E+07
7199,1.52E+07
7200,1.43E+08
7201,1.73E+07
7202,3.28E+07
7203,6.53E+05
7204,6.72E+07
7205,2.15E+08
7206,1.04E+08
7207,4.65E+08
7208,5.63E+07
7209,5.74E+06
7210,2.36E+06
7211,2.92E+06
7212,1.61E+07
7213,3.10E+07
7214,3.04E+08
7215,1.22E+08
7216,1.33E+08
7217,3.84E+06
7218,3.02E+07
7219,4.67E+07
7220,7.41E+07
7221,3.86E+07
7222,1.72E+08
7223,3.29E+07
7224,1.03E+07
7225,2.41E+06
7226,5.63E+07
7227,1.30E+08
7228,1.92E+07
7229,4.82E+07
7230,1.94E+06
7231,1.26E+07
7232,2.03E+08
7233,1.90E+08
7234,2.12E+08
7235,6.04E+07
7236,1.29E+08
7237,2.48E+07
7238,1.12E+07
7239,6.80E+08
7240,6.14E+07
7241,1.31E+08
7242,5.32E+07
7243,1.96E+07
7244,5.17E+07
7245,6.67E+06
7246,2.23E+07
7247,7.77E+07
7248,9.26E+07
7249,8.26E+06
7250,3.43E+06
7251,2.77E+07
7252,3.24E+07
7253,2.61E+07
7254,8.15E+07
7255,1.53E+06
7256,1.58E+07
7257,2.99E+07
7258,7.23E+07
7259,1.29E+07
7260,1.07E+06
7261,4.29E+08
7262,2.91E+05
7263,8.51E+07
7264,9.56E+06
7265,1.16E+07
7266,5.89E+07
7267,3.35E+06
7268,3.78E+06
7269,8.17E+07
7270,1.23E+08
7271,7.02E+06
7272,3.84E+07
7273,6.65E+06
7274,8.14E+06
7275,2.30E+07
7276,2.34E+06
7277,1.66E+08
7278,3.18E+08
7279,3.57E+08
7280,1.39E+08
7281,6.68E+07
7282,6.18E+07
7283,1.63E+08
7284,1.12E+07
7285,8.34E+07
7286,1.39E+08
7287,7.49E+06
7288,3.07E+06
7289,9.48E+07
7290,2.31E+07
7291,5.79E+07
7292,7.02E+07
7293,3.46E+07
7294,1.36E+07
7295,9.07E+07
7296,1.88E+06
7297,7.82E+07
7298,7.22E+06
7299,2.53E+07
7300,1.08E+07
7301,7.58E+07
7302,5.44E+06
7303,2.63E+06
7304,1.56E+07
7305,8.95E+06
7306,4.01E+08
7307,6.23E+06
7308,2.36E+06
7309,7.18E+07
7310,1.75E+07
7311,9.53E+06
7312,1.05E+08
7313,2.15E+08
7314,5.92E+06
7315,8.16E+06
7316,5.25E+06
7317,1.04E+07
7318,1.13E+08
7319,1.23E+07
7320,2.95E+08
7321,1.43E+05
7322,1.53E+07
7323,7.12E+07
7324,4.59E+07
7325,2.52E+08
7326,2.40E+08
7327,2.98E+06
7328,9.26E+07
7329,1.17E+08
7330,2.24E+08
7331,2.12E+08
7332,2.48E+07
7333,1.24E+08
7334,7.81E+06
7335,4.30E+07
7336,1.05E+08
7337,1.51E+07
7338,5.01E+07
7339,9.21E+07
7340,7.15E+06
7341,9.45E+05
7342,8.07E+07
7343,3.13E+06
7344,3.61E+06
7345,3.16E+07
7346,8.66E+06
7347,3.16E+07
7348,9.35E+06
7349,4.61E+07
7350,4.56E+07
7351,2.03E+07
7352,4.97E+05
7353,1.05E+07
7354,7.44E+05
7355,6.21E+07
7356,5.59E+07
7357,4.63E+06
7358,1.81E+07
7359,1.22E+08
7360,5.09E+07
7361,8.75E+05
7362,1.37E+08
7363,7.16E+08
7364,5.64E+06
7365,5.51E+07
7366,3.51E+07
7367,7.69E+06
7368,1.45E+07
7369,5.35E+07
7370,5.79E+07
7371,5.83E+06
7372,1.07E+08
7373,4.78E+08
7374,4.52E+07
7375,4.93E+07
7376,3.42E+06
7377,6.59E+07
7378,1.04E+08
7379,9.04E+07
7380,3.32E+07
7381,5.58E+06
7382,1.16E+07
7383,1.94E+06
7384,2.70E+07
7385,5.82E+07
7386,6.43E+07
7387,4.04E+06
7388,4.14E+06
7389,2.32E+06
7390,2.94E+06
7391,1.30E+07
7392,1.57E+07
7393,6.39E+08
7394,1.04E+08
7395,4.14E+07
7396,7.24E+07
7397,2.16E+08
7398,1.15E+07
