budget,original_language,popularity,release_date,genre_id,prod_com_id
14000000,en,6.575392999999999,2/20/15,35,4
40000000,en,8.248895,8/6/04,35,2
3300000,en,64.29999000000001,10/10/14,18,2266
14000000,en,7.2864770000000005,8/30/12,27,768
6000000,en,4.672036,4/16/03,35,97
1000000,en,14.774066,11/21/76,18,60
15000000,en,20.726578,9/15/99,18,27
53000000,en,13.314232999999998,3/4/05,35,215
102000000,en,20.666063,6/20/02,28,27
500000,sr,1.018477,10/6/10,28,51316
26000000,en,6.336926999999999,8/4/05,27,27
8000000,en,6.496258999999999,2/2/11,35,2452
32000000,en,11.359658999999999,8/2/05,28,306
80000000,en,12.000579,4/3/98,12,12
4000000,en,7.99229,8/13/82,27,4
10000000,en,4.305734999999999,9/8/97,80,16280
11000000,en,10.841891,9/7/13,18,5353
6000000,en,6.759181,8/8/86,16,484
45000000,en,7.81862,4/7/02,28,4
13000000,fr,16.086919,11/2/11,18,9
90000000,en,13.412445000000002,10/21/15,14,491
140000000,en,9.718111,8/8/07,28,12
30000000,en,8.234382,4/16/12,28,2253
50000000,en,13.676444,3/10/95,28,824
3800000,en,3.055936,4/7/65,10752,441
3000000,en,9.718713000000001,6/22/67,80,6194
25000000,en,2.9719990000000003,3/3/00,35,4
6000000,en,9.383088,9/5/14,18,906
15000000,en,5.615303,2/4/05,35,26
3906840,it,2.382068,10/9/09,80,1533
80000000,en,16.646029000000002,3/23/06,16,9383
44000000,en,20.328822,12/25/15,80,215
38000000,en,8.105708,11/17/94,878,4
12000000,en,4.473326999999999,7/1/65,12,6194
20000000,en,8.759801,2/19/16,28,5
125000000,en,17.038823999999998,6/20/97,28,1382
14000000,en,3.909079,3/8/02,28,12
150000000,en,23.065078,11/14/06,12,7576
4000000,en,1.8010709999999999,5/30/56,18,5799
5000000,en,7.743144,7/28/89,27,4
12000000,en,11.160699000000001,9/21/13,18,838
1500000,en,8.822275999999999,2/26/88,28,4110
12000000,en,5.145185,1/14/10,80,7193
2000000,en,14.284787,12/25/62,80,33
85000000,en,2.238808,6/3/06,28,33
29000000,en,12.092096000000002,3/4/05,18,129
11000000,en,8.290384,4/5/90,35,23
445000,en,2.482536,3/31/76,80,1950
17000000,en,9.665251,8/18/11,27,9195
6000000,en,10.451986,7/25/80,35,41
1500000,en,6.636625,9/15/16,27,10370
15000000,en,4.9840800000000005,12/14/02,28,60
10284523,en,4.3490459999999995,10/21/05,35,1171
43000000,en,10.947957,7/29/05,18,33
28000000,en,7.482864999999999,12/6/84,53,8411
2000000,en,10.239941,1/21/11,27,6930
50000000,en,7.260574,6/9/95,28,4
8000000,en,9.741644,12/18/79,18,5
7500000,cn,12.314278,1/30/95,80,12
20000000,en,13.655178,3/31/17,18,7419
30000000,en,25.261865,10/10/03,28,14
35000000,en,1.690768,9/20/95,10752,2
15000000,en,18.184055999999998,5/16/01,53,373
2500000,fr,2.942355,11/14/11,28,311
10500000,es,11.003515,8/31/12,16,5870
6000000,en,5.529808,4/15/88,28,41
7000000,en,7.958502,1/26/90,28,1988
60000000,en,11.93646,12/11/01,18,23
10900000,en,13.454169,9/8/13,18,2268
31000000,en,6.523155,1/21/10,18,215
72000000,en,20.755149,5/24/95,28,4564
14000000,en,3.873796,4/15/99,18,14
15000000,en,3.210693,10/10/66,18,219
75000000,en,13.136791,10/12/01,28,890
35000000,en,5.093704,8/6/04,35,497
100000000,en,11.696923,11/20/15,53,23
20000000,en,4.619593,3/25/88,35,33
93000000,en,32.070725,12/18/01,12,11
25000000,en,5.00725,5/31/02,28,33
12716953,cn,6.183021,1/31/97,80,2521
90000000,en,8.345985,8/3/01,28,12
150000000,en,12.453452,6/18/99,12,2
1500000,en,1.9612080000000003,2/9/90,28,559
25000000,en,8.369176,3/20/00,28,1885
7500000,en,16.376657,7/17/09,35,43
40000000,zh,14.622492999999999,7/3/08,18,1380
10000000,en,7.886926,12/22/00,27,126
18000000,en,9.929808999999999,10/14/05,27,497
2400000,en,5.2306610000000004,10/16/96,18,5
4000000,en,10.130541000000001,7/24/13,35,288
65000000,en,11.73956,11/4/10,35,923
10000000,en,11.840494999999999,9/6/07,35,2245
2000000,en,1.372493,6/29/06,12,2441
9000000,en,8.888278,4/29/94,35,23596
110000000,en,0.9130959999999999,4/24/03,12,306
14320000,en,0.5853970000000001,7/18/68,18,306
3500000,en,5.353826000000001,1/22/16,18,1974
18000000,en,6.675032000000001,11/5/08,18,3319
4000000,en,6.216637,10/26/67,27,6194
39200000,ko,14.131905999999999,8/1/13,28,7036
25000000,en,5.405958,3/28/12,53,4636
4000000,en,10.200398,1/23/15,53,33
20000000,en,8.759774,2/14/02,12,2
63600000,en,6.047757,10/6/00,28,1403
32000000,en,7.54701,2/9/95,28,559
3500000,en,4.456904,2/7/06,35,2448
125000,en,10.850569,9/11/11,18,1424
9000000,en,5.997054,9/17/98,35,9195
40000000,en,9.825841,4/5/07,53,79
19000000,en,10.966014999999999,9/9/05,80,126
5000000,en,6.501176999999999,5/21/75,9648,60
2000000,en,11.189831,12/24/81,12,2537
3500000,en,8.55931,2/23/66,28,6194
11000000,en,8.929393,8/2/91,12,441
12468389,en,6.116093,10/14/11,35,1012
38000000,en,1.406181,6/22/01,28,33
90000000,en,5.496624,1/14/00,27,60
15000000,en,14.778884,10/22/82,28,41
32000000,en,11.137888,7/7/89,12,7576
30000000,en,5.844016000000001,9/9/08,53,12
6000000,ja,9.534232000000001,9/9/10,12,882
82500000,en,9.796552,6/22/06,35,333
14000000,en,1.36737,2/20/97,18,15017
5000000,en,3.172765,10/6/06,35,2514
259000,en,0.722511,11/24/28,18,8411
180000000,en,16.088366,6/22/08,16,2
4000000,en,5.263187,3/8/96,27,14
40000000,en,7.271503,5/17/12,10749,1088
4500000,en,3.3113919999999997,10/10/09,35,53303
7000000,en,0.8614729999999999,12/2/88,27,1531
60000000,en,12.915358,4/19/06,28,306
24000000,en,3.6929800000000004,4/7/00,28,788
12600000,en,11.695036,9/12/14,18,43
85000000,en,10.254314,12/15/06,35,4
10000000,en,11.509677,9/8/88,10402,484
55000000,en,7.7132309999999995,10/30/13,16,2787
75000000,en,14.302910999999998,7/25/07,16,18
3200000,en,6.1746989999999995,11/15/85,27,3344
2000000,en,5.396271,9/17/15,80,16322
15000000,en,7.024227000000001,6/30/95,28,306
100000000,en,8.140709,3/5/04,37,877
22000000,en,7.145784,12/25/97,27,915
7000000,en,19.726114000000003,6/18/75,27,33
6700000,hi,1.312833,6/1/12,28,3170
20000000,en,13.132126999999999,9/1/12,53,1872
35000000,en,7.321172,2/7/13,35,4403
35000000,ja,6.493765,8/8/14,14,5897
10000000,en,11.341505,6/25/81,28,5848
12000000,zh,7.2161029999999995,4/22/09,18,5552
49000000,en,16.628427,3/20/92,53,559
50000000,en,7.668829,2/24/11,14,491
7500000,en,8.593196,10/29/09,18,288
6244087,en,11.722424,6/17/69,12,4051
14000000,en,1.596058,3/31/95,18,2370
110000000,en,7.8250720000000005,6/16/04,28,264
800000,en,0.941994,10/8/93,18,75712
30000000,en,21.791110999999997,10/15/16,28,81
15000000,en,3.4504019999999995,8/16/96,27,33
22000000,en,11.945397,7/12/90,14,4
20000000,en,5.270187,12/13/02,18,2000
70000000,en,6.660309,6/13/13,16,22135
19000000,en,9.106146,10/16/08,35,491
23000000,en,14.134879999999999,7/29/94,10749,12
18339750,de,7.692239999999999,9/8/04,18,986
102000000,en,9.646208,6/7/01,28,79
7920000,en,11.162277,10/6/78,9648,538
12560000,fr,4.0529910000000005,2/7/01,35,884
98000000,en,7.284477000000001,12/22/95,28,183
8500000,en,6.57613,2/27/04,35,43
11178,en,0.079287,9/5/12,35,8355
9500000,en,5.8471660000000005,9/6/13,35,12622
55000000,en,10.758754,9/10/15,12,33
1000000,en,1.1575819999999999,11/15/56,18,306
50000000,en,11.511424,4/28/06,35,5
10000000,en,2.8497790000000003,11/12/87,878,41
15000000,en,10.271871,12/16/02,80,40
15000000,en,15.423538,9/11/07,12,838
27000,en,10.513367,9/13/94,35,14
40000000,en,8.778999,7/21/06,12,2268
21000000,en,8.425361,3/25/11,10751,2000
72500000,en,6.936688,8/4/06,35,5
12000000,en,5.845712000000001,10/5/90,28,306
50000000,en,12.285544999999999,6/4/10,10751,306
65000000,en,10.237996,12/17/98,35,6194
70000000,en,18.324219,6/12/98,28,175
65000000,en,13.455112,8/4/04,18,4
30000000,en,14.811957999999999,4/12/12,27,1632
12000000,en,1.575026,10/30/98,35,12
19000000,fr,4.249948000000001,1/19/08,18,2
7000000,en,7.452789999999999,9/20/12,80,10405
25000000,en,3.596317,3/1/96,35,500
9000000,en,28.920839,11/15/16,27,33
24000000,en,11.269558,1/31/03,28,7293
28000000,en,13.856198999999998,3/30/94,16,6194
6000000,en,8.990345,3/9/94,35,181
16000000,en,12.153493,3/9/07,80,14
65000000,en,10.543955,12/25/14,18,923
160000000,en,26.628178000000002,11/18/15,28,264
60000000,en,4.924078,2/22/02,18,33
25000000,en,8.364587,2/28/03,28,1885
3000000,en,1.739182,2/22/91,35,9195
9000000,en,1.8080900000000002,11/21/91,14,469
11000000,en,15.750026,1/19/90,28,33
225000,en,1.533379,10/6/33,35,4
100000000,en,14.922398999999999,12/14/02,18,14
100000000,en,12.36223,10/16/09,10751,79
108000000,en,19.943929999999998,12/25/16,80,562
30000000,en,4.902869,6/15/04,35,9195
26000000,en,7.867999,8/3/03,35,2
15000000,en,10.445867,3/25/09,18,694
9500000,fr,8.59498,5/18/12,18,2
16000000,en,1.7580790000000002,9/3/04,35,3494
175000000,en,19.148182000000002,6/15/17,10751,2
55000000,en,11.672394,1/30/08,80,23
60000000,en,10.271517,3/12/12,16,5
115000000,en,15.232738000000001,8/7/13,878,559
20000000,ja,9.570657,6/17/06,14,6194
12000000,en,10.312016999999999,2/8/85,80,4
85000000,en,14.170182999999998,3/15/12,12,7295
135000000,en,23.501228,12/25/15,37,508
90000000,en,9.112008,2/5/99,18,4
12000000,en,7.569698,8/7/87,28,559
71000000,en,9.439079,6/22/98,35,306
26000000,en,10.177303,9/20/96,35,258
40000000,en,8.062578,7/27/11,28,1
15000000,en,4.582024,12/22/10,18,2236
100000000,en,15.088318,11/16/06,16,2537
23000000,cn,10.861339,12/18/09,18,2270
5000000,en,6.226054,9/7/07,35,2150
25000000,en,9.453942,5/9/14,18,2
75000000,en,17.852022,5/29/13,53,491
30000000,en,9.783762,6/6/05,18,9195
11000000,en,2.27258,1/27/70,18,4
27000000,en,12.235391,10/3/97,18,4
60000000,en,11.234862,1/15/14,28,4
36000000,en,14.575883,12/6/16,18,12
12,en,1.4103219999999999,10/16/96,14,1755
1000000,ja,11.267366,3/11/84,12,29
350000,en,2.96237,12/8/04,99,11489
110000000,en,13.1984,9/29/16,18,435
7200000,en,12.00491,12/13/71,12,60
7000000,en,2.483032,11/16/01,28,1632
20500000,en,8.333525999999999,12/5/08,28,1632
130000000,en,8.946242999999999,4/6/05,28,4
45000000,en,21.605760999999998,6/23/94,10751,2
75000000,en,7.970031,10/23/98,28,248
65000000,en,12.738789,12/26/09,14,11
2200000,ta,1.132835,5/28/10,28,6583
3300000,ru,4.445867,4/30/15,18,16079
15400000,fr,8.400049000000001,5/17/12,18,2
90000000,en,11.3569,10/28/99,18,158
7000,en,7.15307,10/8/04,878,446
12000000,en,7.883710000000001,4/16/14,18,559
3300000,en,5.840554,1/29/15,53,1632
13100000,hi,1.417392,4/8/11,18,2320
40000000,en,11.185625,11/17/01,28,306
4500000,en,6.5831610000000005,9/13/85,35,2957
500000,en,2.884359,8/24/77,27,56482
16000000,en,6.918821,5/22/81,878,7965
30000000,en,5.1543730000000005,11/20/98,16,4
14000000,en,7.495853,9/21/90,18,306
35000000,en,11.836827,3/25/05,16,614
100000000,en,12.477872,12/7/06,18,348
74500000,en,5.3003029999999995,4/7/04,12,866
8000000,en,5.137903,7/8/93,80,278
55000000,en,10.571434,12/16/99,18,431
25000000,en,10.19853,3/22/07,10751,686
36000000,en,2.151436,12/6/91,18,33
20000000,en,4.850968,11/4/11,28,3604
75000000,en,9.409379,4/11/03,35,5
6843500,it,3.8000730000000003,12/22/12,35,10975
7075038,ru,10.181000000000001,4/12/17,12,1038
60000000,en,7.898202,11/15/96,10751,306
18000000,en,6.693055,6/19/81,35,7997
40000000,en,15.228794,9/25/92,28,10210
13000000,en,5.305311,4/13/94,35,11308
30000000,en,9.378926,7/21/05,10749,598
17000000,en,7.4171570000000004,10/17/97,27,441
30000000,en,11.781895,7/10/92,16,4
19000000,en,7.923639,10/3/97,53,3480
10000000,en,15.109260999999998,2/17/89,12,41
18500000,en,21.761179000000002,7/18/86,27,306
87000000,en,7.851669,7/22/03,18,33
28000000,en,7.598422,2/7/13,10749,722
800000,nl,0.170979,12/14/06,35,2046
65000000,en,7.446085000000001,5/15/12,35,4
60000000,en,14.039654999999998,6/18/99,80,4
2000000,en,14.379879,8/20/03,80,43
3750000,hi,0.597058,2/26/10,35,6194
30000000,en,11.43256,5/11/11,14,1824
19000000,en,6.701138,5/23/86,27,8411
2900000,en,10.92143,10/16/09,28,769
26000000,en,7.254242,3/9/12,80,7295
6000000,en,5.414213,8/8/07,35,497
810000,en,3.099222,1/1/77,18,417
40000000,en,16.94556,10/19/06,18,6194
10000000,en,6.7377970000000005,3/30/16,35,13184
13000000,en,12.994939,1/22/04,878,12
16000000,en,2.488424,9/25/00,80,694
57000000,en,9.958406,3/1/01,28,27
13000000,en,6.862146000000001,10/15/06,12,1861
40000000,en,8.739991,4/6/03,12,33
7000000,en,6.924072,6/15/88,35,41
762241,pt,4.860265,9/1/16,18,8997
110000000,en,12.904677000000001,3/5/14,28,923
10300000,fr,6.165491,10/19/16,18,2612
14000000,en,8.226,10/1/09,12,21897
30000000,en,14.404764000000002,7/18/95,14,33
85000000,en,12.173291,7/25/97,28,441
80000000,en,4.9801910000000005,5/15/05,53,1171
23000000,en,5.950792,1/9/04,35,1088
5000000,en,6.546551,9/11/92,27,15342
1288000,en,8.590813,4/12/40,18,1553
18000000,en,6.344961,3/23/16,10749,33
7000000,en,6.950458,8/25/95,53,5
22000000,en,9.627676,9/28/07,35,2
90000000,en,14.374866,7/11/97,18,6194
3000000,en,2.4282790000000003,4/27/90,35,9195
17000000,en,11.673366,5/28/82,18,60
16500000,en,6.463883,9/21/07,35,10210
16000000,en,12.260159,4/3/13,18,9
113,en,9.231318,6/18/86,12,441
35000000,en,23.947351,6/5/09,35,923
19000000,en,8.560694,2/8/91,18,306
25000000,ru,4.037707,3/18/10,10751,3145
18000000,en,2.471038,3/13/92,35,41
20000000,en,6.679167999999999,10/13/06,28,306
10500000,hi,1.9704810000000001,1/16/09,28,6194
48000000,en,4.556123,10/19/01,35,5
13500000,en,3.531089,9/18/15,18,347
25000000,en,5.481452,9/10/10,80,316
60000000,en,7.685548,5/14/98,18,316
4500000,ru,1.8331849999999998,3/16/06,12,5306
9000000,en,27.756026000000002,7/17/14,27,33
250000,en,1.9245349999999999,4/5/91,18,7269
590235,en,8.888392999999999,2/9/09,16,4096
35000000,en,5.80986,10/22/07,28,44
12000000,en,8.435294,11/8/12,80,694
2000000,en,2.300459,10/10/09,80,826
25000000,en,10.323838,10/10/97,28,12
2800000,en,12.560941999999999,4/21/17,27,1645
15000000,en,18.451321,11/5/92,28,6194
80000000,en,11.760218,9/21/15,16,5
57000000,en,11.82081,10/6/05,35,4
25000000,en,4.558992,9/15/95,9648,33
10000000,fr,5.3584,11/2/11,28,694
25000000,en,10.510245,10/17/08,35,2929
60000000,en,8.462363999999999,3/6/98,53,824
60000,en,10.621362,7/10/98,9648,379
6500000,en,9.312354,12/4/14,27,7485
910000,en,18.211092999999998,6/22/54,80,5
22000000,en,9.863789,1/19/17,35,33
93,en,11.096527,1/28/11,35,1575
27000000,en,8.907074,9/15/94,53,33
12000000,en,5.875605999999999,9/10/99,27,2188
2000000,ta,0.570021,4/14/00,10749,3118
15000000,en,11.853019999999999,11/26/14,18,10163
149000000,en,294.337037,5/30/17,28,444
32000000,en,8.074218,9/7/12,18,178
30000000,en,8.142166,1/12/01,28,376
10000000,en,7.412826,12/24/14,18,308
13000000,en,11.147039999999999,10/5/56,18,4
4000000,en,6.780752000000001,4/9/11,12,4098
20000000,en,8.34835,7/1/11,12,444
62000000,en,6.258666000000001,6/20/08,35,4
78146652,en,9.097953,3/19/09,10749,33
28000000,en,6.053567,5/12/06,35,508
4100000,en,3.826281,9/16/53,18,306
18000000,en,6.41742,6/6/86,10751,13671
40000000,en,9.034929,7/3/10,28,306
4000000,en,4.661689,9/20/07,18,79
45000000,en,11.221186,9/15/08,18,2683
75000000,en,13.249823999999998,6/6/96,28,915
48000000,en,14.788986999999999,5/24/89,12,1
150000000,en,11.30428,9/24/15,12,6194
6900000,en,6.8652,9/24/93,35,37
65000000,en,11.023042,11/13/98,27,5
79000000,en,29.423537,12/18/02,12,11
8000000,en,0.537378,1/1/69,35,33
5800000,en,0.906143,9/1/06,28,360
30000000,en,11.066473,12/13/02,18,12
3500000,en,5.732016000000001,5/3/90,53,4
9000000,en,10.182974,10/20/16,27,33
13000000,en,9.142772,9/9/02,53,2000
49000000,en,30.206365,3/4/15,80,5
40000000,en,10.939066,11/21/03,27,441
14500000,ja,9.298092,5/26/01,16,528
8500000,en,5.590678,9/27/13,35,31835
23000000,en,7.528275999999999,2/26/16,35,264
2700000,en,10.246132000000001,10/17/79,12,60
75000000,en,11.134888,2/13/04,35,441
20000000,en,8.066726,10/2/15,18,215
12000000,en,4.73816,10/23/60,28,60
40000000,en,6.322435,1/26/12,28,126
12000000,en,10.159713,4/20/17,18,813
18000000,en,4.29831,6/13/86,878,1648
5000000,en,17.656951,10/31/02,27,284
7000000,en,11.00913,4/11/03,27,1632
80000000,en,9.554067,1/29/10,80,152
1000000,en,3.374229,4/21/01,35,43
35000000,en,10.754139,9/14/16,35,33
16000000,en,8.899417999999999,8/24/90,28,33
16000000,en,14.906621,6/29/12,18,27
20000000,en,9.351557000000001,10/1/07,18,1205
19000000,en,15.339153,1/19/96,27,59
10400000,hi,8.792104,12/23/16,18,2
40000000,en,0.75571,12/23/16,28,47
90000,en,0.837849,10/1/58,27,10324
28000000,en,5.017519999999999,12/25/97,18,9195
6000000,en,7.903956,9/7/08,18,831
3000000,en,11.303239999999999,4/5/13,10749,58
8000000,en,10.434018,11/12/82,27,6194
8000000,en,5.320117,7/26/06,35,43
13000000,en,5.169999,11/16/06,18,1422
35000000,en,13.542675,2/21/13,53,1450
15000000,en,20.301019,5/16/86,28,4
12000000,en,7.607052,9/11/15,18,3287
65000000,en,10.90061,5/11/01,12,441
16000000,en,12.069966,3/30/99,35,1757
5500000,en,6.3893260000000005,12/21/77,18,171
100000,en,5.113205000000001,2/8/15,18,351
700000,en,2.819298,2/8/07,18,806
12000000,en,7.075533999999999,8/14/87,27,559
8575000,ko,16.727404999999997,6/1/16,53,7036
5000000,en,10.737565,2/9/04,53,7302
17000000,en,5.924226,1/23/04,35,27
6000000,en,8.522673,4/27/61,28,5
35000000,en,10.378902,6/23/93,10751,477
4500000,en,14.658885,8/13/82,35,33
70000000,en,10.876463000000001,9/24/99,80,4
10000000,en,10.754997,9/30/16,18,288
85000000,en,9.434006,6/18/93,12,441
22000000,en,8.473369,6/1/01,28,497
15000000,en,14.319742999999999,12/26/59,28,8411
16000000,hi,5.1278760000000005,4/15/16,28,2343
6000000,en,7.873407,11/4/16,18,1047
16000000,en,12.646517999999999,10/22/04,35,43
10000000,en,4.127728,10/29/70,12,60
15000000,en,6.600650999999999,7/31/91,53,3470
100000000,en,19.382082,6/29/05,28,306
27000000,en,14.225919000000001,4/5/84,18,1256
23000000,en,7.667578999999999,2/14/08,10402,491
300000,en,1.023164,2/5/81,12,294
6,en,11.179864,9/6/00,18,89312
50000000,en,5.716009,9/17/99,18,33
50000000,en,10.337994,10/1/14,10749,306
39000000,en,7.830087,6/28/88,35,4
13000000,en,2.326115,5/8/98,35,12
5000000,en,9.649312,6/3/10,18,6237
50000000,en,5.768575,11/23/05,18,129
9000000,en,14.304205,10/10/68,878,4
30000000,en,11.766244,9/4/05,12,297
16500000,en,10.673167,12/13/95,18,441
5000000,en,5.839893,4/14/83,28,1818
20000,ja,3.111281,11/6/97,80,881
2600000,es,8.623982,9/20/07,878,10086
25000000,en,7.438934,10/1/94,10749,12
11500000,en,6.5145919999999995,2/18/94,18,33
13000000,en,8.378149,5/5/09,14,225
7500000,en,19.561767,3/10/12,28,7330
54000000,en,20.214422,3/15/06,28,264
5500000,da,4.711231,9/4/12,35,76
15000000,en,14.511442,9/13/09,18,444
250000000,en,20.644776,12/11/13,12,11
6300000,en,4.38806,2/12/12,53,288
2650000,en,4.471515,7/3/62,18,584
6400000,hi,1.8229400000000002,9/24/10,35,7142
6000000,en,7.510159,3/13/14,35,6194
4200000,en,8.233168,8/10/84,28,60
135000000,en,13.890179999999999,7/28/05,28,326
10000000,en,5.024458999999999,7/3/02,16,174
28000000,en,13.570264000000002,7/17/13,28,33
25000000,en,3.643468,9/11/98,18,44
2500000,en,5.490505000000001,8/3/55,80,4
125000000,en,15.049695000000002,5/26/04,28,35
25000000,en,11.109932,5/30/86,28,306
26000000,en,13.003122,1/15/09,28,5
160000000,en,287.253654,3/16/17,10751,2
1271000,en,7.441117,1/7/55,80,1460
40000000,en,16.453573000000002,8/17/16,35,1557
113000000,en,13.165420999999998,5/17/05,878,1
35000000,en,5.370818,9/5/03,18,306
30000000,en,8.587129,9/26/02,35,9195
5000000,en,13.524048,10/9/14,53,27450
1,hi,1.280455,8/15/03,10749,11791
12000000,en,17.788579000000002,9/14/13,35,3672
6000000,en,11.732546000000001,9/11/15,18,6735
40000000,en,9.420931,1/14/16,28,33
25000000,en,7.409178999999999,12/19/86,27,2956
5000000,en,15.021057999999998,9/10/15,27,3172
11000000,en,18.344227,7/9/99,35,33
2053648,en,2.691433,10/22/99,99,23
85000000,en,11.057536,12/11/06,18,33
1000000,en,17.911314,8/1/54,18,4
1200000,en,2.017413,5/18/78,18,5
90000000,en,14.753545,8/4/14,28,342
3000000,en,6.409512,6/19/60,18,60
40000000,en,13.876881,2/17/06,12,2
80000000,en,14.987901999999998,8/12/05,28,2253
9250000,en,2.132964,11/7/79,18,306
22000000,en,6.3037849999999995,5/20/10,18,1246
27000000,en,1.408176,4/15/92,18,559
11000000,en,4.08938,9/10/93,18,915
50000000,en,30.121291999999997,3/15/09,12,491
50000000,en,16.838145,3/11/15,28,829
30000000,en,9.058516000000001,6/1/07,35,33
14000000,en,0.8256379999999999,6/19/80,12,4
103000000,en,8.18534,3/19/14,16,9383
4000000,en,5.032469,12/11/67,35,893
4000000,ko,6.314697,3/29/02,28,7036
150000000,en,26.024867999999998,2/11/16,16,2
40000000,en,12.337898,7/16/92,12,2
8250000,en,11.840985,11/8/51,18,8411
40000000,en,14.384554000000001,9/15/16,18,1205
40000000,en,15.010525,4/1/05,28,7405
967686,en,11.934045,5/7/10,35,4
35000000,en,10.794556,4/2/10,35,491
12000000,en,15.297120999999999,12/7/82,53,4
14000000,fr,11.090264999999999,5/22/07,18,3
6000000,en,9.023686,8/26/15,18,10163
25000000,en,7.2576789999999995,4/9/99,10749,2000
30000000,en,6.734064999999999,4/6/05,35,2000
50000000,en,9.915560000000001,1/24/08,28,925
4500000,en,11.578578,7/5/80,10749,441
6000000,en,10.505386999999999,4/21/99,18,70
80000000,en,7.210383,11/26/08,35,12
23000000,en,9.604552,8/31/07,36,491
6500000,en,9.369527,9/5/05,35,43
15000000,en,7.844705,5/2/14,35,126
2000000,de,9.02255,3/15/06,18,201
200000000,en,26.114917000000002,6/20/13,28,4
105000000,en,7.291872,12/3/15,28,264
40000000,en,6.159379,2/2/12,12,33
20000000,en,16.205105,8/17/07,35,5
16000000,en,2.549325,12/24/88,28,7531
50000000,en,10.223582,6/24/16,10752,1163
130000000,en,9.566135000000001,11/18/08,18,240
150000000,en,15.884744,12/16/16,28,33
22500000,en,18.908782000000002,11/4/16,18,33
5000000,en,8.645067,1/20/17,35,21
13000000,en,4.654312,2/5/16,18,13240
40000000,en,13.689855,11/20/89,12,33
2500000,en,2.296734,1/10/93,18,8
19000000,en,8.385361,7/10/04,35,5367
1601792,es,2.329513,5/15/05,18,863
94000000,zh,6.587711,12/15/11,18,724
1300000,en,5.184012999999999,1/15/71,28,306
40000000,en,17.496832,11/17/89,16,2
13000000,en,10.890236,12/15/00,35,306
40000000,en,2.9474110000000002,11/27/02,28,4
25000000,en,14.141836999999999,12/17/10,18,4
13000000,en,24.515462,8/30/91,53,33
8,ko,4.222195,8/4/05,10752,5659
110000000,en,16.747792999999998,6/10/10,53,289
5000000,en,8.585856,7/30/15,53,3172
3000000,en,12.822085000000001,5/27/16,35,9225
7000000,en,3.18614,8/1/10,35,856
15000000,en,11.179855,11/8/73,16,3166
20000000,en,10.605851,2/7/03,10751,2
14000000,en,11.535478,3/2/12,53,4908
3000000,en,7.3510279999999995,1/18/01,35,43
75000000,en,18.311054000000002,10/13/16,53,5
42000000,en,9.874042999999999,5/13/99,10749,282
33000000,en,11.840557,9/18/98,28,12
15000000,en,3.94159,10/20/06,18,306
50000000,en,12.229381,8/9/96,28,4
32000000,en,11.119707,9/23/05,18,12
12000000,en,9.592265,2/16/96,35,33
100000,en,1.522753,8/1/72,9648,15583
1000000,en,2.678923,11/23/01,35,2315
4000000,en,5.350658,9/2/13,27,9015
886000,en,6.5075970000000005,8/27/36,35,6
50000000,en,9.082538000000001,10/15/04,18,14
110000000,en,8.555544,4/2/04,16,2
2700000,en,7.048957000000001,2/10/04,18,97
3860000,zh,8.959821,1/8/13,28,308
10000000,zh,3.7593010000000002,7/10/15,14,59387
54000000,en,11.415316,8/1/03,18,136
6000000,en,2.447359,12/16/76,18,3645
12000000,en,8.032616,11/19/08,18,2929
150000000,en,28.505340999999998,6/10/05,28,429
14500000,fr,5.892859,1/29/03,28,1075
30000000,en,10.778027999999999,6/30/11,35,33
150000000,en,29.36178,5/13/15,28,79
4000000,en,5.296777,4/8/88,27,3851
10721568,hi,1.68625,2/19/16,18,12154
20000000,en,5.219666999999999,7/18/13,16,33805
355000,en,7.503125999999999,2/12/31,27,33
54000000,en,17.185349,12/24/90,80,4
20000000,en,16.01076,12/22/16,53,2877
24000000,en,2.8188020000000003,11/14/97,18,12
6400000,hi,1.8561009999999998,6/21/13,18,3653
1,en,8.159556,2/5/36,18,60
6000000,en,9.424157000000001,9/1/06,18,43
15000000,en,2.936443,1/26/96,35,6194
2196531,fi,0.947509,12/30/05,35,4463
7000000,en,11.37237,10/17/03,18,1268
59000000,en,17.328902,3/10/02,16,306
9750000,en,11.387338,10/21/08,18,2823
13000000,en,5.532019999999999,9/23/88,18,806
24000000,en,4.197544000000001,11/21/01,35,158
17000000,en,12.01525,4/5/13,27,559
50000000,en,5.91265,11/8/06,18,4169
151000,el,1.879162,5/24/60,18,8526
88000000,en,6.363884,6/2/05,10749,14
31000000,en,15.672195,4/7/06,18,306
4000000,en,6.7371419999999995,9/6/07,28,3223
50000000,en,6.752119,10/13/95,18,915
15000000,en,16.018525,1/17/13,27,33
36000000,en,7.926621000000001,5/2/97,18,4
50000000,en,9.995617,9/30/11,18,8430
13000000,en,11.293560000000001,3/1/13,35,7295
7700000,en,6.9146149999999995,2/14/11,18,288
200000000,en,17.285093,3/3/10,10751,2
57000000,en,9.421301,12/10/11,28,5
25000000,en,14.31675,1/26/12,28,1645
20000000,en,10.680121,11/26/08,36,10146
5000000,en,6.719949000000001,2/22/02,35,3268
37000000,en,10.722672,8/1/86,35,1
25000000,en,6.570917999999999,8/13/99,18,306
50000000,en,6.824871000000001,9/28/01,53,79
12000000,en,14.21769,8/11/06,10402,491
20000000,en,8.157587,3/27/85,12,306
12000000,ta,1.323587,6/14/07,28,16424
20000000,en,11.112153,4/4/12,28,491
185000000,en,12.577266,5/21/08,12,1
100000000,en,13.473381,12/21/05,35,23
16000000,en,8.34322,7/21/89,35,97
250000000,en,20.58258,7/16/12,28,923
31000000,en,14.004074,12/20/85,18,33
9600000,en,6.133744999999999,9/12/15,18,22308
3500000,fr,1.333969,6/15/16,18,57752
25000000,en,11.829231,7/4/13,28,33
50000000,en,7.661239999999999,2/14/97,80,5
9000000,en,8.475983,8/12/16,36,10285
6500000,en,8.344282000000002,4/9/99,80,5
940000,ta,0.739665,4/17/15,18,3118
5000000,en,6.585405000000001,10/12/89,27,4351
7000000,en,7.2189570000000005,5/19/91,18,8411
5000000,en,7.392294000000001,3/14/14,18,7309
40000000,en,7.473717999999999,2/26/99,53,441
195000000,en,11.606061,2/27/13,28,12
5000000,en,9.841623,7/13/81,10751,146
28000000,en,10.445141,3/14/03,28,368
143149,ur,0.091951,5/21/15,10751,53804
57000000,en,11.626116,10/8/93,80,1885
163000000,en,10.958669,7/29/11,28,23
40000000,en,49.247505,2/8/17,53,3528
1500000,en,5.875708,10/20/12,35,16947
558000,en,1.41344,12/26/31,18,8411
8000000,en,5.052049,4/28/06,18,35
180000000,en,19.467404000000002,5/28/14,14,2
2000000,en,12.792394,4/10/14,18,7437
16000000,ko,4.136356,6/6/09,28,5716
35000000,en,4.386145,2/8/08,35,33
100000000,en,12.845044999999999,12/8/10,28,5
44000000,en,11.924462,5/21/85,28,559
13000000,en,1.884204,4/17/86,35,8411
40000000,fr,5.996407,8/21/92,28,6194
25530000,en,4.5570059999999994,5/17/96,12,33
17000000,en,7.812646000000001,4/20/12,10749,1824
2600000,it,3.501564,1/2/04,27,6246
50000000,en,10.246172999999999,7/29/11,35,6194
250000000,en,19.083723000000003,7/7/09,12,6194
19000000,en,9.262184,4/7/95,28,5
11000000,fr,8.888717999999999,7/12/11,53,744
800000,it,11.322173,9/8/66,18,3280
25000000,en,9.304901,2/13/97,35,2596
3000000,en,5.254847,9/29/94,18,2000
60000000,en,6.22229,6/11/08,53,158
80000000,en,14.75562,8/3/10,53,10254
4200000,hi,2.031919,5/23/14,10749,1576
13000000,en,14.901689999999999,7/18/13,27,12
8500000,en,12.421754,4/4/76,18,316
11000000,en,9.659244000000001,8/21/14,18,12
17000000,en,16.574021,7/9/82,878,2
20000000,en,8.16645,9/17/10,10751,6574
80000000,en,9.034884,11/2/00,14,27
11000000,it,5.010562999999999,10/27/11,35,10975
60000000,fr,9.471838,10/18/99,12,5
80000000,en,8.967638,7/23/99,27,7
6700000,es,4.987123,3/3/16,80,2674
26000000,en,11.890138,8/9/90,18,441
35000000,en,13.963892000000001,1/23/13,28,2902
19000000,en,2.727017,10/27/89,18,33
31000000,en,14.505987,12/23/92,18,33
20000000,en,4.15656,8/22/03,35,4
609000,en,7.122093,9/6/35,35,6
22000000,en,9.763928,12/13/84,28,5
15000000,ja,9.285519,7/29/16,28,5896
1200000,en,23.508433,10/1/04,27,35
60000000,en,6.5049269999999995,5/3/03,35,5
6788000,en,7.881010000000001,4/19/91,35,1382
10500000,da,8.253705,5/22/14,18,1880
20000000,en,10.448481,5/20/95,14,364
1000000,hi,10.766409,9/19/13,18,2320
73000000,en,8.884406,11/4/99,18,33
2000000,en,0.717595,2/25/06,53,92534
3000000,en,8.122042,8/1/86,27,4
25000000,en,11.338194,12/25/93,28,915
35000000,en,17.310647,7/17/15,35,33
17000000,en,11.03595,9/28/12,35,12365
12000000,en,5.914833,9/17/93,18,559
9200000,en,0.882864,10/31/13,28,16943
40000000,en,12.589019,6/16/06,10749,79
27000000,en,9.644085,8/13/09,27,838
30000000,en,12.727269,9/26/12,28,1205
10000000,en,6.703892,10/14/16,28,290
75000000,en,12.287636000000001,9/27/99,28,79
4000000,en,10.714172999999999,8/17/79,35,20076
32000000,en,14.958098000000001,11/25/09,12,2929
53000000,en,8.657364999999999,5/12/95,28,915
1800000,en,5.550496,6/29/12,18,2291
2000000,he,7.636625,6/25/08,18,1848
5000000,es,7.66414,3/19/04,80,6780
15000000,en,6.617708,8/22/14,18,551
280379,en,8.913793,1/9/66,27,516
30000000,en,8.599342,12/3/06,18,288
135000000,en,13.047775999999999,6/1/16,14,4
40000000,en,6.475665,12/21/11,12,2
56000000,en,7.81645,3/4/05,28,2
100000000,en,18.932203,11/19/04,12,2
2000000,ru,3.462653,6/6/08,18,3423
14000000,en,14.260779000000001,9/11/87,10749,4
15000000,en,10.527141,4/28/06,18,33
5000000,en,8.466725,5/25/06,35,308
60000000,en,12.789812,12/20/12,80,4
68000000,en,10.466306,8/6/99,12,33
50000000,en,4.909738,11/7/97,28,6194
17000000,en,6.5900929999999995,6/5/09,18,1522
2500000,en,3.750365,12/10/08,18,1785
55000000,en,15.214342000000002,6/17/11,35,306
40000000,en,12.189038,6/29/87,28,60
23000000,en,11.076971,10/21/87,18,5
1200000,en,0.584397,6/16/00,80,36242
180000000,en,18.13542,12/7/05,12,5888
85000000,en,12.16276,6/7/07,80,79
12000000,fr,7.594102,11/9/04,28,104
6500000,en,8.254209,12/3/76,35,306
2900000,pt,4.919716,1/16/98,18,393
20000000,en,6.496913,9/1/07,80,1030
4500000,en,6.874828,10/27/00,80,2188
4500000,en,8.786269,9/10/10,35,10
800000,no,7.9747259999999995,1/9/09,27,3553
20000000,en,3.782547,8/8/80,14,33
7000000,fr,6.868022,5/21/14,18,225
25000000,en,7.308161999999999,12/21/01,28,2348
15000000,en,13.183804,3/6/87,12,1885
15000000,en,4.643981,2/8/02,35,33
11000000,en,7.915367999999999,9/22/06,28,4
15000000,en,14.14078,1/21/15,18,284
6000000,en,41.109264,3/14/72,18,4
85000000,en,14.043416,12/8/06,35,5
58000000,en,14.686035999999998,11/16/95,12,60
10000000,en,5.13955,1/24/00,80,8
12000000,zh,2.1627810000000003,4/2/15,12,65442
38000000,en,8.898988000000001,1/21/16,35,12
15000000,en,3.9698599999999997,1/27/89,35,9195
27000000,en,3.104943,10/29/99,18,1600
30000000,en,7.645827000000001,12/30/02,35,14
13500000,de,8.969705000000001,2/4/16,12,694
7200000,en,5.553737,7/1/87,12,3681
20000000,en,8.801032000000001,5/7/13,28,1632
95000000,en,15.297820999999999,12/12/14,12,923
9000000,en,19.827545999999998,11/8/88,27,60
42000000,en,11.214779,5/3/17,28,306
5600000,es,8.853168,9/15/09,53,3631
17000000,en,10.250997,9/2/11,28,1205
14000000,en,9.781450999999999,7/7/77,12,60
40000000,en,13.02535,5/15/98,14,6194
40000000,en,12.520688,11/1/01,35,306
62000000,en,6.318445,11/17/95,35,5
39000000,en,10.296047,10/4/12,16,8601
8500000,en,9.099731,7/31/87,27,6194
4000000,en,8.16339,7/27/06,35,288
8000000,en,6.0404860000000005,5/31/85,35,33
44000000,en,11.342024,3/22/13,28,8073
105000000,en,20.151037,6/23/16,12,9383
60000000,en,13.214068,4/6/01,80,4
220000000,en,89.887648,4/25/12,878,4
75000000,en,7.116536999999999,1/14/99,27,33
350000,en,10.421679,10/15/81,27,467
3537415,de,9.117054,7/14/16,35,58
100000000,en,9.615691,2/8/05,18,79
2000000,en,6.5360059999999995,9/2/99,80,43
26000000,en,6.8666339999999995,11/29/94,28,2662
22000000,en,6.760321,12/6/13,53,562
100000,en,8.003815,4/5/13,18,44640
20000000,it,39.39497,12/20/97,35,14
19000000,en,10.874079,8/5/88,27,559
878000,en,13.916101000000001,11/26/42,18,6194
12000000,en,6.829528,11/1/06,35,2
17000000,en,11.454835000000001,4/30/04,35,4
300000,en,7.906219999999999,7/3/12,35,1747
2000000,en,9.551293,6/13/62,18,516
150000000,en,5.587707,6/27/07,12,4
22000000,en,7.719173,6/15/77,18,60
27000000,en,9.848674,7/29/83,14,441
3200000,en,6.726389999999999,9/11/10,18,6531
300000,en,1.6879009999999999,7/22/05,99,446
3500000,ko,6.261686,10/11/12,18,3491
90000000,en,10.338222,8/7/13,12,1492
32000000,en,9.796961999999999,3/30/11,53,1557
13000000,en,15.295948999999998,3/16/06,18,1225
3400000,en,5.101153,12/25/77,35,306
19000000,en,1.418221,11/24/93,10751,3592
30000000,en,6.34785,11/11/93,28,2
16000000,en,7.404835,10/9/07,28,76634
1250000,en,14.605464000000001,1/26/53,80,306
10000000,en,17.046052,9/9/16,9648,3287
3250000,en,1.393391,9/19/06,18,8
4000000,en,16.861532999999998,2/5/53,16,6
30000000,en,13.371056,4/13/12,35,8890
18000000,en,9.309967,9/26/07,80,826
80000000,en,10.796939,7/30/04,18,4
10500000,en,11.548303,7/15/16,28,6666
85000000,en,11.038969999999999,2/10/08,12,444
90000000,en,24.30526,5/7/97,12,5
9000000,en,7.720692,3/9/12,10749,2683
12000000,en,16.274653,5/16/14,10749,2000
747000,fr,2.775402,3/22/68,9648,53
1119000,en,0.948775,8/28/36,18,8411
20000000,en,9.830382,7/18/13,35,33
15000000,en,7.603652,12/25/97,35,12
10000000,en,3.492576,10/11/02,35,3287
100000000,en,11.174041,3/11/10,10752,33
30000000,en,7.566321,9/13/98,18,181
5000000,en,1.8455540000000001,9/12/14,18,3
5,en,6.759519,12/19/78,28,171
65000,en,2.799356,11/12/10,10749,65873
13000000,zh,7.17548,9/18/10,28,3393
25000000,en,14.723645999999999,10/25/13,53,290
62000000,en,7.879924000000001,4/20/00,28,33
6000000,en,10.124544,5/22/81,878,494
23000000,en,9.327986,7/17/87,12,33
6000000,en,14.044122,8/21/87,18,137
10000000,en,14.014025,9/1/00,53,441
52000000,en,6.9061449999999995,8/5/11,35,33
18000000,en,4.558075,5/19/10,80,2254
5000000,en,9.069963000000001,6/21/96,18,97
55000000,en,14.178281,10/6/00,35,27
7000000,es,4.896196,12/17/10,28,6639
15000000,en,7.9420839999999995,4/21/16,28,12
200000000,en,13.693001999999998,6/11/11,16,2
20000000,en,8.129407,8/18/10,27,508
100000000,en,23.247298,3/23/17,28,1632
28000000,en,6.062425,9/2/11,27,7215
1750000,en,4.250819,12/17/57,12,60
20000000,en,6.612175,8/31/07,28,306
150000000,en,12.533525,7/13/10,14,2
15000,en,12.706424,9/14/07,27,3172
26000000,en,11.519662,8/11/05,35,33
15000000,en,5.764399,10/7/88,35,5
28000000,en,11.476443,9/13/05,18,84
7000000,en,15.280219,5/11/10,18,9
60000000,en,8.810961,10/9/03,18,508
11000000,en,8.046375,8/12/83,80,60
1500000,en,6.4666879999999995,8/15/03,27,35
1000000,en,5.760319,5/2/12,18,1591
13800000,en,11.613655,10/7/86,18,514
26000000,en,4.920175,3/17/02,12,4
105000000,en,18.50194,9/27/13,878,6194
21000000,en,13.217421,10/2/02,28,1
1200000,en,5.39865,10/20/36,28,6194
11800000,en,8.364201,11/20/15,10749,1422
1500000,es,8.504511,4/10/07,27,3631
72000000,en,9.997032,11/4/05,18,33
225000000,en,12.490891,5/15/08,12,5888
5000000,en,3.531682,7/13/01,28,2188
7500000,en,5.795045,10/12/89,35,559
36000000,en,17.714247,4/4/03,28,12
1500000,en,4.948569,10/1/93,28,285
5000000,en,5.5968599999999995,11/25/11,53,10936
5000000,en,1.155075,11/12/93,878,4063
15000000,en,3.4949,4/14/11,18,30031
60000000,en,11.328316000000001,4/24/09,18,7
16000000,ja,10.264597,7/8/00,12,3034
7000000,en,9.107828999999999,1/1/10,80,4624
10000000,en,6.426937000000001,6/12/98,35,5
802000,en,6.165341000000001,10/21/42,18,8411
260000000,en,14.670353,3/7/12,28,2
6000000,en,15.11549,8/27/64,35,3166
13000000,en,6.236729,6/29/01,18,9195
25000000,en,7.492912,5/4/84,28,10308
230000,en,4.788002,7/22/77,27,15459
18000000,de,4.918419,3/29/08,28,22858
5000000,en,5.587765,10/27/89,53,17823
1000000,ru,1.896218,9/10/15,53,72299
9000000,en,8.832907,2/9/07,35,737
4000000,en,5.757907,12/18/69,28,33
4000000,en,2.999052,10/25/13,18,1092
2000000,es,4.126083,4/16/92,18,84803
50000000,en,14.383185000000001,6/15/90,35,56
22000000,en,9.737907,12/7/83,28,6194
700000,en,11.118844000000001,5/25/32,18,8411
1700000,en,11.644764,6/15/73,28,306
15000000,en,4.079853,7/11/86,35,6194
8000000,en,11.842837,12/14/84,18,5
45000000,en,6.922458,1/30/98,12,915
40000000,en,7.001645,2/1/08,18,5
24000000,en,4.233080999999999,10/24/78,12,33
20500000,en,16.603041,3/16/83,53,33
28000000,en,6.000716000000001,12/22/00,53,2811
10700000,en,1.0607090000000001,1/28/94,28,41
35000000,en,10.430238000000001,1/31/13,27,491
44000000,en,4.393576,11/19/80,28,60
1500000,en,8.168694,10/19/39,35,5
18000000,en,7.263988,9/4/08,28,694
25000000,en,7.637345,7/6/01,28,306
7000000,en,13.546984,8/3/01,18,35
61000000,en,154.80100900000002,10/1/14,9648,306
3900000,en,6.9978880000000006,12/12/66,18,441
30000000,en,17.955897,4/25/03,9648,85
33000000,fr,19.628834,2/12/14,14,104
5000000,en,15.909181,12/1/16,27,3172
5000000,en,8.405672000000001,10/2/80,18,5612
2200000,en,9.094477000000001,3/22/85,27,4
8000000,en,6.963023,7/11/80,28,441
30000000,en,12.130803,9/1/06,12,306
110000000,en,20.547925,5/27/15,28,12
65000000,en,18.860681,12/8/04,878,12
25000000,en,6.196929,2/8/11,12,6326
150000000,en,4.351756,6/19/09,878,4
120000000,en,7.888013000000001,1/12/11,28,333
1200000,en,4.928139,9/12/99,35,4131
12000000,en,12.01334,9/6/08,12,654
6000000,ru,1.8222459999999998,4/5/12,28,3467
35000000,en,13.955376000000001,10/25/02,27,79
30000000,en,9.524298,2/5/12,18,158
7000000,en,14.054862,2/12/88,28,1885
40000000,en,10.855502,12/24/13,28,33
1,en,6.4288300000000005,3/9/55,18,6194
80000000,en,11.341084,7/6/11,35,5
6000000,en,5.2534529999999995,7/22/77,18,1216
30000000,en,13.413895000000002,10/21/11,18,5
38000000,en,10.307277000000001,8/11/06,27,7405
55000000,en,5.304043,1/9/97,28,8411
30000000,en,7.575696000000001,11/22/10,18,348
85000000,en,7.680762,12/6/05,18,27
11000000,en,9.003792,9/3/13,28,3604
35000000,en,6.332878,4/10/09,35,2
5700000,es,8.075698,11/6/09,28,2674
250000,en,4.281631,7/29/13,53,40796
11000000,en,9.056173,1/15/15,28,12292
1200000,en,6.486117,10/3/55,35,4
8000000,ko,7.030308,8/10/11,18,7819
16000000,en,6.62363,9/12/08,35,12
35000000,en,7.759428999999999,5/17/12,28,831
23000000,en,5.307983999999999,12/18/96,18,14
20000000,en,14.753931,3/4/08,18,491
37000000,en,7.387171,8/3/01,35,2
12000000,en,4.926507,10/27/06,18,559
3800000,de,10.083019,9/27/07,18,315
325000,ta,0.867549,2/4/16,18,12466
2883848,en,11.845107,3/18/59,35,219
800000,en,7.271526,9/12/09,80,2268
116000000,en,7.240753,2/7/97,28,33
20000000,en,5.762343,3/7/03,35,1172
21000000,en,5.484379,2/11/11,18,491
55000000,en,7.991167999999999,9/10/06,18,441
5000000,en,10.996308,10/19/11,27,4
44000000,en,9.198283,10/18/96,80,278
31000000,en,10.163266,4/28/00,80,12
165000000,en,13.697597,11/1/12,10751,6125
50000000,en,7.579855,7/17/14,16,2
190000000,en,22.296076,5/19/15,12,2
85000000,en,11.526339,6/8/07,16,5
62000000,en,10.618141,9/27/97,18,7981
55000000,en,12.202063,8/15/96,18,559
50000000,en,16.075615,5/15/16,28,1885
125000000,en,16.83711,10/13/16,12,306
45000000,en,9.510762,12/14/00,35,79
30000000,en,8.047735000000001,9/13/13,80,104
70000000,en,11.898185,12/15/98,12,27
11000000,en,4.890067,10/12/01,28,3929
13000000,en,14.017754,11/25/16,18,2
13000000,en,8.611077,3/14/13,80,559
15000000,en,14.421528,3/10/16,53,4
40000000,en,14.840318,2/16/01,18,788
40000000,en,12.637158,7/8/93,28,97
2800000,en,8.173864,8/21/81,10749,4664
700000,en,0.7128439999999999,9/4/09,99,4226
3000000,en,1.017103,5/6/07,27,7535
32000000,en,13.332386999999999,12/25/13,12,10947
24000000,en,6.562982000000001,9/16/11,10749,308
270000000,en,13.284711999999999,6/28/06,12,429
46000000,en,7.420019,6/15/00,28,4
25000000,en,11.746053,12/25/12,35,306
60000000,en,8.259952,5/5/11,28,3287
30000000,en,6.212898,10/28/10,18,2527
13000000,fr,6.361343,6/15/05,35,694
5000000,en,13.336773,6/12/09,878,3316
38000000,en,8.450799,7/24/09,35,126
645180,en,5.841931,7/21/89,18,1468
250000,en,0.38671700000000003,4/23/10,99,38568
22500000,en,9.615664,12/25/14,10752,21079
5200000,en,6.7001729999999995,5/11/90,878,4233
26000000,en,12.638573,1/31/03,27,12
3500000,en,6.488277,7/21/16,28,429
10000000,en,12.928711999999999,3/17/17,18,7493
2410000,en,9.110348,3/1/85,28,13549
18000000,en,7.696839999999999,7/20/14,35,97
5000000,en,0.619657,6/24/70,35,306
5000000,en,7.007992999999999,12/16/10,18,7400
60000000,en,8.905732,4/17/09,28,33
22000000,en,10.77166,7/23/07,18,8056
25000000,en,11.299673,12/8/83,28,33
40000000,en,9.530278,11/23/05,18,5
13000000,en,2.62835,1/7/91,14,1648
800000,en,2.4616700000000002,12/10/65,18,8411
4361898,en,2.8733560000000002,6/6/03,35,4096
3500000,nb,6.097683999999999,10/29/10,14,1003
116000000,en,9.86738,12/17/04,18,14
8000000,en,8.172013,7/6/10,35,10146
950000,en,9.62025,1/14/05,18,12355
5000000,ru,1.792402,12/21/07,35,4651
4200000,ru,8.803869,6/27/04,14,1038
50000000,en,10.337211,1/17/13,14,4
35000000,en,11.736241,11/20/90,878,306
210000,en,3.424057,6/13/53,12,6194
6000000,en,13.293569,12/17/82,10752,8411
4000000,ru,1.760091,12/23/04,16,886
6000000,en,6.714577,9/23/69,36,306
20000000,en,5.990572,7/16/93,10751,104
6500000,en,23.242452,10/2/14,27,12
3705538,en,7.404329,9/2/92,10749,14
12000000,en,8.816951,8/7/92,18,33
12000000,en,8.025117999999999,10/12/07,35,737
95000000,en,9.785895,2/1/10,12,289
20000000,en,12.763976,3/16/11,28,1172
1752000,en,11.709777,8/10/50,18,4
12000000,en,13.065315,4/25/08,35,12
33000000,en,7.4185740000000004,8/6/06,28,12
3000000,en,5.493697,10/16/98,35,1422
25000000,en,13.72021,8/14/92,35,6194
5500000,hi,2.942711,5/8/15,18,19144
25000000,en,8.88057,1/21/11,35,817
7000000,en,5.701278,4/11/03,27,1062
3000000,en,10.893224,8/6/12,35,4740
45000000,en,3.733574,1/31/97,28,915
70000000,en,6.7537460000000005,3/8/11,28,5
5000000,en,10.510468,5/12/09,9648,768
65000000,en,0.948759,9/12/12,28,342
650000,en,7.814255,9/30/10,18,1360
72000000,en,11.211568,8/2/02,18,7383
18000000,en,7.521346,12/15/89,10752,559
12000000,en,12.159818,2/24/12,28,7295
28000000,en,7.954623,2/4/16,10749,1632
30000000,en,2.899809,2/21/97,18,1947
68000000,en,10.97633,4/3/97,53,4
30000000,en,21.946943,10/30/95,16,3
15000000,en,15.553313000000001,11/26/15,27,33
10000000,en,6.370105000000001,2/4/00,28,915
10000000,en,17.602928,8/19/15,27,2514
65000000,en,19.083823000000002,3/2/07,80,4
25000000,en,8.338562,9/5/09,18,4
800000,en,11.846960000000001,3/9/84,18,2159
8000000,en,9.609879,11/4/16,18,6901
130000000,en,10.747641999999999,5/30/13,878,5
18000000,fr,9.746725,3/16/06,28,2203
88000000,en,21.14796,7/16/15,28,5
777000,en,8.152085000000001,3/11/71,18,70
42000000,en,8.371005,4/3/02,18,306
2000000,en,3.3924,4/7/94,35,6562
12000000,fr,4.7262379999999995,1/8/14,18,2902
10000000,en,7.176601,2/9/90,28,6194
36000000,en,9.244469,1/13/11,16,2885
15000000,en,11.239011999999999,3/2/11,18,4
850000,en,3.334942,7/10/03,18,328
14000000,en,8.093442,10/16/15,18,2054
4798235,en,9.336568,8/17/11,27,288
10000000,en,3.0337970000000003,6/24/11,18,491
750000,ru,0.20158199999999998,6/5/14,80,42096
4000000,fr,5.099557,4/1/97,35,2
20000000,en,10.038613,1/6/09,14,1632
90000000,en,11.605735000000001,11/25/03,53,2
500000,en,0.48252700000000004,10/20/06,18,11831
2500000,en,1.216497,3/13/16,35,62196
145000000,en,12.256689,6/12/14,14,521
30000000,en,8.040589,11/24/93,80,171
17500000,en,7.481125,8/25/06,35,2773
7000000,en,6.904831,2/21/96,35,18
75000000,en,8.940007000000001,10/24/05,28,56
27220000,en,12.388833,7/18/13,53,3604
22000000,en,11.275132000000001,10/7/10,18,6572
1200000,en,8.471302,3/25/83,16,10318
7000000,en,7.791952,2/5/88,27,33
6000000,en,12.457908,1/22/99,28,1403
15000000,en,7.4926580000000005,3/20/13,18,737
28000000,en,13.143061,12/11/15,35,4
2000000,en,11.276024000000001,5/25/07,35,24133
70000000,en,3.062626,9/1/99,28,6194
40000000,en,6.4173849999999995,5/2/08,35,5
9100000,hi,4.23908,12/25/08,53,38582
450000,en,2.333661,6/7/06,18,41047
10500000,en,4.668541,10/26/90,18,4
4000000,en,11.609441,8/31/03,18,70
1000000,en,2.301183,5/21/75,28,441
28000000,en,17.26045,3/22/10,28,1632
80000000,zh,7.309903,1/7/09,10752,656
1300000,en,6.636872,12/3/51,12,60
25000000,en,1.466461,3/19/99,16,688
9000000,en,6.484495,11/14/86,18,41
17000000,en,7.196689999999999,2/6/09,35,43
44500000,en,14.238234,10/11/12,18,3281
30000000,en,8.032638,1/30/91,28,2333
35000000,en,8.155603999999999,3/4/16,10752,4
31000000,en,5.418428,8/9/90,35,56
1250000,en,8.731330999999999,11/25/45,18,6033
45000000,en,6.8410899999999994,8/11/05,28,4
12000000,en,6.140116,10/10/08,27,829
10000000,en,6.638116,2/10/95,35,6365
16000000,en,9.101896,12/7/01,35,333
150000000,en,1.456541,4/28/09,12,289
2000000,ru,0.570293,6/23/05,18,63095
50000000,en,6.496271,1/30/04,35,2265
70000000,en,16.316318,10/1/14,27,33
20000000,en,13.591485,3/19/09,28,1557
4520000,en,3.372304,3/11/83,27,1444
6000000,it,7.217205,1/9/14,18,18156
11000000,en,12.293202,5/18/15,18,2783
40000000,en,13.256679,3/10/17,10749,93065
50000000,en,17.126768,5/22/92,878,306
15000000,en,3.550711,3/31/00,18,441
73000000,en,11.604533,8/7/98,80,4
14000000,en,8.307210000000001,9/30/93,35,5888
50000000,en,9.930325999999999,2/21/03,18,24
19000000,en,10.187278,10/29/99,27,1786
30000000,en,11.589835,8/5/09,878,11
18000000,en,6.303383999999999,12/1/84,18,33
43000000,en,10.536255,12/21/00,18,414
55000000,en,15.178338,7/7/95,28,441
662141,en,1.2334459999999998,4/9/43,14,8411
85000000,en,14.048694,6/26/97,16,2
45000000,en,13.530029999999998,8/22/08,28,33
1800000,en,6.694959,10/9/71,28,306
260000000,en,39.186819,6/21/17,28,4
15000000,en,9.895652,2/8/08,35,2376
30000000,ja,7.554848,7/17/99,12,3034
7000000,en,11.789813,6/15/79,18,60
30000000,en,4.655727,1/15/93,18,8411
25000000,en,6.851628,4/30/99,53,441
17000000,en,5.772293,4/28/89,28,33
4600000,hi,4.342418,7/12/13,36,18
4500000,en,7.522655,6/5/86,27,1212
110000000,en,17.159576,12/11/97,12,7576
61000000,en,41.225769,9/9/15,28,3672
1000000,en,7.666558,9/30/11,18,559
20000000,en,17.136672,7/28/93,35,9
15000000,en,15.388875,8/6/11,18,2266
7000000,en,7.738924000000001,9/16/05,35,11345
1400000,en,12.063080000000001,11/9/50,18,306
5000000,en,1.5647739999999999,2/4/98,18,278
20000000,en,9.502332000000001,4/16/04,10402,33
22000000,en,13.966833,6/24/77,28,4
18000000,hi,4.19356,8/9/13,10749,2320
12500000,en,9.543004,2/14/14,35,127
20000000,en,1.057387,11/12/82,27,12
4000000,en,12.410427,7/7/59,9648,8411
14000000,fr,5.355452,12/20/81,18,306
360000,en,1.345165,8/18/67,28,5316
25000000,en,10.932786,7/19/85,12,13
48000000,en,8.781588000000001,10/19/00,14,306
16400000,en,19.905716,6/2/89,18,9195
18000000,en,11.720358000000001,9/27/94,35,9195
700000,en,9.47666,9/12/94,99,8
2000000,es,8.367858,9/12/12,27,10246
20000000,en,11.11946,10/1/10,18,1314
15000000,en,12.860385,5/3/96,18,5
10000000,en,7.676017,11/11/10,878,134
185000000,en,123.167259,7/16/08,18,429
28000000,en,5.715737,10/5/01,35,14
20000000,en,9.059459,9/12/89,80,276
1900000,pt,1.075939,8/17/00,35,441
25000000,en,8.383246,8/6/15,18,1088
8500000,en,10.990614,1/2/14,18,5125
60000,en,14.838385999999998,7/14/99,27,2188
180000,fa,7.523517,8/1/97,18,11460
16000000,en,3.859495,12/22/95,35,306
11000000,en,7.715908,1/24/01,80,12
2153912,ru,0.334881,2/27/14,35,9340
60000000,en,11.131917,11/14/97,28,33
3000000,en,6.09018,8/26/48,37,60
41000000,en,12.929653,3/20/09,35,2364
7000000,en,12.61469,4/5/96,80,1382
5000000,en,5.147819,3/31/96,10770,537
521873,hi,1.6687939999999999,6/24/16,53,7435
34000000,en,228.032744,6/28/17,28,443
50000000,en,10.563152,12/22/11,18,306
20000000,en,18.006895999999998,4/12/07,53,4
3837625,en,0.7496649999999999,10/19/10,35,288
42000000,en,10.174298,3/11/11,14,562
20000000,en,4.444724,1/17/03,35,8411
120000000,en,5.458387,12/17/10,35,5
45000000,en,9.875573,5/13/05,10749,33
15000000,en,7.390012,12/15/86,28,171
1000000,en,6.107378,9/12/14,27,33606
50000000,en,6.572049000000001,9/24/05,9648,508
5000000,en,1.629796,12/10/82,35,4
152000000,en,146.161786,7/11/17,18,7076
120000000,en,10.246549,1/30/14,28,5
3347850,it,2.906503,4/1/11,35,2683
4437508,hi,3.7790769999999996,9/14/12,18,2320
94000000,en,5.310558,4/27/01,28,1171
40000000,en,9.832342,1/13/11,28,5490
120000000,en,17.246484,8/5/15,28,306
45000000,en,7.2880460000000005,7/2/03,35,2308
14000000,en,6.892056,4/12/91,28,6194
8000000,en,11.23915,9/3/09,35,14
10000000,en,6.452069,9/10/11,80,6633
5200000,hi,1.8911380000000002,8/22/98,18,19230
4000000,es,10.067238,1/19/17,9648,8046
3900000,ta,0.5620970000000001,2/18/00,18,11946
5500000,hi,1.250293,9/13/13,35,3985
25000000,fr,6.710597999999999,4/9/10,14,1
40000000,en,13.043999000000001,5/25/90,12,33
63000000,en,8.863776,6/11/93,12,33
5000000,en,5.957998,4/1/16,18,79986
38000000,en,6.456233,12/19/97,35,7
15000000,en,1.158196,5/11/01,28,938
30000000,en,9.128905,8/22/97,14,14
48000000,en,7.198455,5/28/93,12,915
50000000,en,17.887943,10/8/14,18,79
6400000,en,19.293561999999998,10/26/84,28,41
9000000,en,9.202416,8/11/11,99,306
5000000,fr,4.2066550000000005,5/13/15,18,2951
1000000,zh,2.709403,8/4/93,35,5528
17820000,fr,9.482248,1/28/04,35,5870
50000000,en,12.508517999999999,7/1/94,28,306
2,en,2.466066,9/28/95,53,16561
14000000,en,0.964715,8/24/07,14,89251
130000000,en,14.89499,8/8/12,28,33
290000,en,0.140491,4/7/28,12,8411
190000000,en,27.275686999999998,4/1/15,28,33
2600000,en,13.233262,2/7/74,37,1296
250000,en,8.168455999999999,1/21/21,35,1315
3000000,en,8.851646,10/2/57,18,441
16000000,en,7.108555,1/9/09,27,134
65000000,en,17.015539,12/15/95,12,559
35000000,en,7.790139999999999,10/19/01,27,306
5000000,en,14.970485,9/23/13,80,2254
1070000,en,0.170074,5/28/98,35,74407
3000000,en,2.850011,9/2/02,99,14
35000000,en,6.966505000000001,3/28/14,28,10427
14600000,en,12.989627,2/11/93,10749,5
5000000,en,12.158424,5/18/00,18,288
18000000,fr,6.971611,2/16/10,16,58
6000000,fr,11.186981,10/19/16,18,94
97000000,en,54.581996999999994,2/28/17,28,306
11000000,en,10.3919,12/17/93,10749,4
11000000,en,23.37742,5/25/79,27,306
2500000,en,11.591462,3/28/63,27,10715
5000000,en,5.830675,3/17/81,28,33
2159280,pl,8.651053,10/25/13,18,125
7000000,en,5.5529459999999995,6/9/95,35,14
10831173,en,4.480723,3/18/11,18,43
13360000,it,8.717661,5/20/15,35,2
55000000,en,13.776067999999999,10/10/13,28,5
20000000,en,9.188583,3/31/15,18,3574
5000000,en,6.370495,6/3/83,27,33
3500000,en,0.556435,11/25/98,35,2188
30000000,en,10.596719,4/22/05,35,2976
3800000,en,8.070589,1/24/48,28,6194
14000000,en,5.113573000000001,9/30/11,18,43
4000000,sv,7.274236999999999,1/26/08,27,3576
135000000,en,11.72545,7/27/06,28,33
200000000,en,20.818907,7/2/03,28,5
48000000,en,8.338222,12/27/00,53,987
2000000,it,1.188935,5/14/03,35,328
120000000,en,14.072510999999999,5/15/02,12,1
500000,en,2.317528,1/31/07,18,328
4000000,en,5.681582,11/7/86,18,3644
1500000,en,8.708789,10/1/07,35,552
19000000,en,2.8243669999999996,3/24/64,10752,10253
6000000,en,4.619068,6/7/90,28,33
50000000,en,9.645800999999999,4/19/02,80,97
70000000,en,8.919469,7/30/99,35,4
6500000,ru,0.8774770000000001,1/19/11,35,21928
1250000,fr,12.74564,10/14/72,18,60
3000000,en,8.733191999999999,7/8/88,28,33
60000000,en,7.0946240000000005,9/11/08,28,2053
30000000,en,11.552956,1/19/05,53,134
200000000,en,13.678120000000002,10/30/08,12,7576
130000000,en,12.204174,2/18/14,28,248
15000000,en,9.747452000000001,8/21/09,35,444
9000000,en,1.494688,8/26/05,35,126
1500000,en,6.939994,4/20/89,28,4255
4000000,nl,3.92107,11/17/08,18,11301
17000000,en,12.494394,10/21/64,18,6194
3230939,ta,1.937874,4/3/09,28,16424
14000000,en,12.243528,9/19/00,27,333
9000000,en,9.51953,11/18/16,35,18
16000000,en,6.493474,9/29/07,12,43
170000000,en,21.259,12/10/10,12,2
1549000,cn,4.331811,5/12/05,28,2884
12000000,en,8.960713,6/28/12,99,4
6500000,en,2.12989,4/24/81,18,6194
170000000,en,18.717704,3/20/14,28,420
50000000,en,9.35239,6/22/05,35,2
3700000,en,13.505066000000001,11/3/06,80,3564
19000000,en,14.9837,7/27/16,9648,1632
125000000,en,33.704935,6/6/17,53,33
108000000,en,25.629929999999998,9/30/15,18,306
10000000,en,7.873017999999999,3/5/70,28,33
8000000,en,2.404818,5/3/91,80,14
37000000,en,16.414239000000002,6/15/89,35,441
17000000,en,6.8151470000000005,2/5/88,35,5237
80000000,en,13.666488000000001,11/14/03,16,430
5000000,en,3.0078419999999997,9/5/03,35,1420
19800000,en,11.313659,9/10/14,18,705
8000000,en,3.8516529999999998,2/12/14,18,7543
40000000,en,16.478036,12/12/13,18,5
210000000,en,0.867943,5/24/06,12,289
30000000,ja,7.857666,9/7/13,16,3116
12000000,en,5.799628,9/9/03,9648,21126
15000000,en,11.440947999999999,5/15/11,18,3
7000000,en,4.955317,10/2/15,10749,215
2300000,en,2.01799,7/13/51,10402,8411
20000000,en,11.069678999999999,7/25/08,18,288
5000000,en,0.8897450000000001,10/30/87,18,559
15000000,en,9.288013000000001,9/4/09,35,444
12000,en,5.738871,3/12/72,27,407
700000,en,8.407369000000001,7/16/58,18,306
35000000,en,8.33756,3/27/08,18,5
7000000,en,7.523097999999999,9/16/05,18,2929
105000000,en,13.993770000000001,2/22/08,12,347
80000000,en,11.35779,6/19/08,28,79
3000000,sv,0.702712,12/10/10,18,3221
48000000,en,6.744680000000001,1/14/10,35,444
30000000,en,12.840798,5/24/85,12,7576
180000000,en,11.481378999999999,12/4/07,12,12
6500000,en,4.136105000000001,7/23/04,10749,1422
56000000,en,5.374562999999999,2/21/03,18,174
12000000,en,16.415498,12/24/97,35,14
592,en,0.286719,8/26/25,10749,8411
12000000,en,9.363482000000001,1/29/15,878,4
5000000,en,8.898522999999999,1/1/14,27,3172
31115000,en,8.591238,6/12/63,18,306
65000000,en,9.170332,5/12/08,35,12
28000000,en,9.765122999999999,6/23/81,12,60
26400000,ta,4.330396,10/1/10,28,7135
25000000,en,11.872997,2/10/06,27,12
28000000,en,8.808328,9/9/13,18,58
65000000,en,13.268483999999999,7/14/99,9648,194
175000000,en,9.156877,6/9/07,14,5
83000000,en,6.053595,4/28/00,878,33
40000000,en,10.395472,5/21/14,35,2608
28000000,en,13.162168,2/5/98,10402,33
10000000,en,5.402262,6/7/91,35,438
20000000,en,12.392754,9/12/08,18,12
1500000,en,6.241185,11/16/84,28,1444
30000000,en,5.1883989999999995,8/4/95,28,4
1000000,en,2.3923669999999997,4/28/06,80,308
40000000,en,7.156060000000001,4/7/04,35,890
1500000,en,4.1732309999999995,3/25/05,18,1840
25000000,en,1.8622150000000002,10/1/09,18,2814
5000000,en,8.966128999999999,9/12/16,18,70
35000000,en,10.08043,10/15/08,28,444
6500000,en,9.3806,6/25/80,27,1138
40000000,en,12.330249,12/11/92,18,903
855000,en,1.121417,5/3/43,53,4
42000000,en,14.007329,10/18/90,18,60
4000000,en,0.7376020000000001,1/1/95,28,236
500000,en,1.946823,6/26/12,35,1311
24000000,en,9.526781,12/17/99,18,14
28000000,en,8.318954,12/20/88,35,306
9000000,en,15.236541,11/15/85,28,1444
58000000,en,9.508061,12/14/84,10402,41
85000000,en,8.338675,2/9/12,28,33
8500000,en,6.911759,9/5/14,28,5056
9000000,en,0.941383,10/19/84,80,4
120000000,en,3.9182870000000003,7/23/13,28,306
5952000,en,7.9450389999999995,2/4/83,27,33
2300000,en,4.806374,5/24/79,18,306
2000000,ru,0.74156,12/12/11,35,23343
80000000,en,10.385757,1/25/16,28,2
10000000,en,1.192891,10/16/09,35,2780
40000000,en,9.800232000000001,8/23/00,80,421
11715578,cn,6.004257,12/12/08,18,4054
10000000,en,5.872794,9/13/11,18,9350
54000000,en,10.301621,12/4/80,28,6194
70000000,en,9.756289,12/9/08,35,79
1379375,ro,2.214179,1/22/15,18,8698
40000000,en,11.690781,6/10/10,28,5
10000000,en,5.611184,8/19/88,35,41
1900000,hi,2.004745,7/1/05,80,3652
5000000,en,6.199806,10/21/88,27,7405
37000000,en,3.7428239999999997,10/31/97,28,4
4000000,ta,0.372987,1/14/11,28,7135
67000000,en,11.845918,9/20/96,28,12
65000000,en,13.257467000000002,5/6/15,28,306
50000000,en,18.022579,1/13/16,28,4
19000000,en,4.347079,8/1/97,35,306
60000000,en,13.469862,9/2/03,80,23
27000000,en,12.851984,2/27/98,9648,12
10000000,en,10.414363,7/1/01,27,60
35000000,en,13.495247,4/10/98,878,8411
80000000,en,5.228837,8/17/07,878,79
4000000,en,2.1486549999999998,12/6/02,28,13
1114000,en,2.886254,12/26/33,18,8411
30000000,en,12.308007,6/9/89,878,4
45000000,en,10.869056,7/4/01,35,1607
100000000,en,16.382422000000002,12/25/13,80,4
40000000,en,6.715263,3/16/10,28,5
25000000,en,51.645403,9/23/94,18,97
15000000,en,7.06378,9/23/12,18,6735
170000000,en,53.291601,7/30/14,28,420
35000000,en,7.102075999999999,7/4/07,35,79
42000000,en,10.528172999999999,1/13/12,28,491
20000000,en,10.044642,4/16/09,28,126
3196621,de,6.7046589999999995,10/8/15,35,47
1000000,en,7.314536,8/30/85,28,1444
440141,te,0.815203,9/28/07,18,32414
18000000,en,8.868558,11/14/80,18,60
13000000,en,14.310479,11/9/90,18,33
1200000,en,8.699428,8/14/75,35,306
2000000,en,0.632261,5/24/38,18,306
4,en,1.914697,12/8/32,18,4
32000000,en,5.575991999999999,7/5/96,18,9195
207000000,en,19.761164,12/14/05,12,11
52000000,en,18.761467,6/30/95,18,23
120000,ml,0.48542399999999997,5/3/12,9648,2320
15000000,en,11.672701,12/10/87,80,306
25000000,en,4.439325,10/2/02,18,174
60000000,en,0.452934,9/9/10,28,248
8000000,en,12.357072,1/30/09,35,1632
130000000,en,19.201504,10/25/11,12,4
75000000,en,11.34706,3/1/02,28,4564
2627000,en,0.662665,3/1/44,18,8411
8000000,en,6.1676459999999995,4/29/11,35,2
53000000,en,11.911173,11/20/97,16,306
4000000,en,11.457298,2/8/79,28,4
40000000,zh,5.361771,7/16/15,28,10284
134000,en,5.110716,12/5/42,53,6
18000000,en,8.435642,11/21/07,878,3982
40000000,en,11.100597,7/14/05,35,12
105000000,en,10.640864,7/30/13,14,5
28000000,en,10.850442,10/11/13,18,27
35000000,en,7.85217,1/22/08,18,126
40000000,en,9.738371,2/3/00,27,85
75000000,en,20.40426,7/23/04,28,33
25000000,cn,6.636514,10/31/14,80,2726
44000000,en,14.526048999999999,12/25/14,28,5
2000000,es,5.958138,6/16/00,18,5084
40000000,en,8.695893,10/23/09,12,306
2000000,ja,2.894009,12/15/84,28,1950
7500000,en,6.1195900000000005,4/21/05,28,35
25000000,en,10.653446,3/17/89,12,1073
50000000,en,6.506572,9/15/06,18,33
1000000,ru,0.594488,4/19/07,35,9342
2900000,en,7.202832000000001,3/9/13,27,7396
17000000,en,7.290872,3/6/87,27,559
29000000,en,8.843364999999999,9/11/03,28,441
11000000,en,5.304376,2/16/89,35,4
2000000,en,2.1866830000000004,8/2/02,35,14
6000000,en,5.648114,2/21/86,28,514
15000000,en,9.117934,11/17/05,12,2322
5000000,en,8.698042999999998,9/8/13,27,1224
1243000,en,3.803268,12/1/48,28,1281
50000000,en,12.280827,3/13/01,28,79
10000000,en,1.1458059999999999,10/8/93,80,4063
40000000,en,5.446745,3/7/12,18,4
67000000,en,8.920544999999999,4/19/07,28,289
140000000,en,47.326665000000006,7/9/03,12,2
120000,fr,5.648187,8/5/64,80,2325
550000,en,12.146747,5/9/80,27,4
13500000,en,8.995603,1/1/13,18,3110
134005,en,2.003832,7/15/11,18,37041
9900000,en,25.869882999999998,8/25/16,80,768
15000000,en,11.247957000000001,2/4/94,35,6194
8000000,en,5.284805,9/7/06,10749,35
531374,en,7.9704619999999995,3/2/39,12,60
8000000,en,4.5186459999999995,9/7/07,28,2865
50000000,en,16.158179999999998,3/17/05,18,7
5000000,en,8.591834,5/15/85,18,1
3000000,ta,1.036233,2/26/10,18,7125
135000000,en,12.130127,11/8/99,12,7576
9000000,en,6.842274000000001,6/23/76,12,8411
15000000,en,6.7773259999999995,9/20/12,80,81
100000000,en,6.919314,6/21/96,28,824
31000000,en,6.499680000000001,3/8/96,35,60
344,en,0.158651,9/29/01,35,4676
21000000,en,14.074906,9/9/02,10749,2154
12000000,en,11.110375999999999,10/6/60,28,611
70000000,en,10.978188000000001,3/20/13,28,925
10000000,en,6.589303999999999,5/17/05,35,208
33000000,en,12.237571,7/7/16,35,306
160000000,en,11.268531,6/13/97,28,306
200000000,en,185.33099199999998,4/19/17,28,2
60000000,en,8.142251,7/4/01,35,79
7000000,en,11.370288,8/12/88,18,33
20000000,en,14.27281,4/11/13,35,7405
27000000,en,10.956665,4/26/02,18,33
24000000,en,13.765241,11/21/07,28,306
42000000,en,5.510805,12/2/10,12,2965
160000000,en,12.643312,5/5/04,27,33
380000000,en,27.88772,5/14/11,12,2
25000000,en,6.036408,2/27/09,80,7383
1700000,en,12.843375,6/29/72,28,306
60000000,en,8.581558,1/10/13,80,79
30000000,en,19.511221,9/17/15,28,1632
2000000,en,10.650752,10/22/60,37,219
5000000,en,5.874458,2/28/13,27,694
8000000,en,9.631158000000001,7/6/88,35,306
3200000,en,11.504558,6/12/68,27,4
40000000,en,7.622875,1/26/06,35,306
5000000,ru,0.414793,10/12/06,28,886
27000000,en,7.436000999999999,11/23/94,14,306
10000000,en,4.468247,2/23/07,28,4
3000000,ru,0.8782549999999999,9/18/08,35,18044
14000000,en,9.071127,10/26/95,35,4
68000000,en,7.694847,3/21/03,18,79
8000000,en,15.206957000000001,8/22/86,80,5
50000000,en,6.936677,12/10/04,12,9195
3500159,en,6.262677,4/11/02,35,43
11000000,en,11.333125,6/7/84,14,56
600000,en,6.854576,1/1/94,27,17479
60000000,en,12.975936,12/24/15,18,2000
14000000,en,14.443361999999999,10/14/14,53,1786
50000000,en,15.874491,8/2/96,28,306
103000000,en,25.085639,5/23/13,35,923
658000,en,9.072006,4/10/53,80,5229
4000000,en,11.223033000000001,10/8/15,53,726
2500000,en,0.46335,8/24/07,18,1607
24000000,en,12.596956,11/25/86,878,4
22000000,en,7.106953999999999,8/7/87,28,1444
5300000,fr,5.94395,5/17/02,18,732
12000000,en,6.631355999999999,2/15/02,28,4
20000000,en,6.372278,9/6/03,18,10059
72000000,en,9.807552000000001,10/19/01,28,27
25000000,en,12.602438000000001,10/7/03,53,79
70000000,en,14.116473999999998,2/15/02,18,496
13000000,en,10.098539,3/21/13,35,10146
47000000,en,11.618792,10/9/92,28,4
74050,en,2.789574,9/15/04,18,856
10000000,en,7.807741,5/15/99,28,2188
5000000,en,3.6210519999999997,1/30/98,35,97
4500000,en,0.31303200000000003,12/20/54,18,6194
1688000,en,5.076649,1/1/39,35,8411
44000000,en,6.273130999999999,5/1/10,18,33
36000000,cn,8.970494,12/19/15,28,4054
10000000,ja,8.278525,4/17/04,16,882
27000000,en,11.953822,5/12/16,53,559
5800000,en,4.412564,9/21/64,28,64
3500000,ru,0.5246529999999999,8/21/14,10749,49055
20000000,en,6.916200999999999,3/17/06,35,27
80000000,en,15.001681,6/19/92,28,1382
7000000,en,5.799861,1/24/13,37,2526
70000000,en,12.687521,9/22/16,12,2785
40000000,en,10.829432,10/23/09,12,33
6500000,en,9.785147,1/13/04,18,1632
20000000,en,2.651408,9/11/98,35,175
65000000,en,12.954444,6/1/90,28,559
300000000,en,31.363664,5/19/07,12,2
2200000,en,6.127903,12/16/70,18,4
20000000,en,8.772263,4/12/12,28,5358
8272296,es,10.000914999999999,4/19/99,35,82
15000000,en,7.050403,12/8/06,18,2315
38000000,en,7.824961999999999,10/2/10,35,1894
8000000,en,10.428421,12/30/15,16,32542
40000000,en,9.389353999999999,4/16/14,35,306
8700000,en,11.643025999999999,5/25/06,16,380
3000000,en,6.070216,5/14/09,18,288
7000000,it,5.633243,2/12/10,35,2441
5000000,en,3.3343529999999997,8/6/08,35,7653
15000000,en,7.729445,12/8/78,18,33
10000000,en,7.0649820000000005,1/29/99,35,14
2000000,en,6.857317999999999,11/11/47,18,306
200000,en,0.9177770000000001,12/24/16,12,5679
85000000,en,1.498902,4/2/09,28,33
12000000,en,11.283472,8/29/02,18,14
2160000,en,0.23053400000000002,6/1/45,18,8411
15000000,en,13.389735,8/7/08,9648,35
21000000,en,3.030309,2/3/95,35,508
30000000,en,14.313079,2/26/10,28,6194
9000000,en,1.818296,5/14/10,18,7274
12000000,en,16.243093,12/14/84,18,559
1000000,en,0.045860000000000005,5/28/93,18,181
23000000,en,1.914881,2/9/90,18,206
19500000,hi,5.326716,12/18/13,28,1569
2000000,en,12.805294,6/17/10,53,5860
12000000,en,13.300519,4/13/67,12,441
40000000,en,9.649303,12/19/12,53,5
19000000,en,9.801967,9/15/89,18,42
15000000,en,9.020372,10/26/05,18,7
25000000,en,13.083718,4/9/04,35,508
20000000,en,7.120403,9/1/10,28,444
33000000,en,7.781292999999999,3/15/02,27,248
15000000,en,8.735448,12/27/07,18,308
130,hi,2.402032,8/31/11,18,7294
19000000,en,13.088552,4/15/05,27,2481
11000000,fr,7.250134,1/9/08,35,310
1,en,1.3370959999999998,4/23/99,35,1088
7000000,en,6.01272,9/30/05,80,58
90000000,en,8.184814999999999,6/30/95,878,915
56000000,en,12.136158,1/18/13,53,508
15000000,en,5.952494000000001,12/9/88,35,33
70000000,en,9.963078999999999,12/15/00,35,4
20000000,en,5.970067,10/14/07,18,27
30000000,en,10.25103,8/10/01,35,33
500000,en,8.212399000000001,10/2/73,18,120
4500000,de,5.69684,7/4/04,18,47
1700000,en,6.115298999999999,1/20/09,35,2929
8000000,en,6.230854,4/3/92,35,8
60000000,en,15.037993,3/2/16,28,10254
10000000,en,11.119593,5/16/07,18,2
8000000,fr,7.3211520000000005,10/12/16,16,4621
100000000,en,8.903754,8/15/02,28,79
10000000,en,6.063809,2/14/07,35,35
17000000,en,5.498819,10/27/11,28,376
6000000,en,11.461437,7/26/85,12,1951
22000000,ja,9.409701,7/29/06,12,2
75000000,en,7.762917,11/2/11,28,33
18000000,hi,1.377993,5/15/15,80,8444
12823507,ru,2.981184,9/29/16,28,5630
23000000,en,3.612089,10/7/94,14,6194
24000000,en,16.195894,2/21/03,35,27
16000000,en,2.890462,8/15/97,878,2554
18000000,en,88.439243,4/27/17,18,1785
90000000,en,8.684892,12/18/13,12,12
85000000,en,8.326699000000001,3/3/08,16,306
60000000,en,13.155901,6/4/98,35,4
2380000,en,2.514638,9/12/06,18,1917
12000000,en,15.698432999999998,12/13/73,80,599
48000000,en,10.639244,6/14/91,12,6194
35000000,en,6.90658,5/8/15,28,12
7000000,en,3.1320189999999997,4/8/83,35,5337
1227401,en,8.319631,10/4/91,9648,8
2200000,en,17.112594,12/18/71,878,88
12156348,fr,5.662109,11/1/16,10752,694
30000000,en,10.901355,4/23/08,35,7295
13000000,en,7.421245,12/30/11,36,2452
5500000,en,6.1492949999999995,1/18/14,18,215
24000000,en,11.666172,6/17/88,35,33
24000000,en,11.184385,9/9/91,35,559
24000000,en,8.407519,12/12/69,35,306
1500000,en,7.081403999999999,7/24/13,35,3
20000000,en,2.582818,3/31/06,18,6194
1805000,en,12.90707,4/11/53,18,306
195000000,en,4.5035050000000005,6/28/11,28,4
75000000,en,6.303466,8/31/11,12,248
79000000,en,9.645543,12/24/03,18,14
58000000,en,187.860492,2/9/16,28,306
15000000,en,10.627364,2/29/88,14,4354
45000000,en,8.279285,10/18/12,28,491
6200000,ko,1.077252,9/10/10,18,1804
6400000,en,12.203066,10/17/11,18,288
9500000,en,10.359669,6/12/67,28,7576
10000000,en,8.406056,2/7/08,28,2726
63000000,en,63.869599,10/15/99,18,306
3000000,en,2.3950669999999996,12/18/60,35,4
30000000,en,12.09096,7/18/96,27,11
14000000,en,6.0814010000000005,9/25/98,27,333
350000,en,1.553107,10/1/85,18,8888
60000000,en,5.460942,9/22/06,28,289
10000000,en,10.770928,9/25/62,28,306
25000000,en,16.816834,12/10/16,18,2000
8000000,en,12.137595,12/26/73,18,6194
23000000,en,7.06088,8/18/06,35,33
28000000,en,15.802306,5/23/84,12,1
7000000,en,6.657792,11/15/74,28,33
8376800,hi,12.237488,2/15/08,28,2320
12000000,en,3.223039,4/7/04,35,43
20000000,en,18.157166,10/30/98,18,12
65000000,en,9.782014,5/23/91,28,559
225000000,en,18.538834,6/12/13,28,923
15000000,en,6.5574259999999995,9/7/01,80,2253
45000000,en,6.2872449999999995,8/9/96,35,70
50000000,en,9.092925,8/6/14,28,12
70000000,en,7.739633,12/25/06,18,4
150000000,en,7.739903999999999,3/27/12,12,923
40000000,en,8.142089,8/6/09,10749,5
12000000,en,11.213913,8/16/13,35,10163
2500000,en,12.525758,8/26/10,27,3960
60000000,en,7.667874,2/8/07,35,27
2300000,en,1.9700540000000002,7/4/08,18,3661
25000000,en,7.857078,9/28/07,18,97
13000000,en,1.2968620000000002,4/3/96,35,12
4000000,en,10.936827000000001,1/11/02,35,4730
8000000,en,5.000657,11/5/10,35,4
90000000,en,12.980624,6/29/09,16,9383
30000000,en,6.793972,6/26/09,18,2604
5500000,en,10.517835,12/16/65,12,7576
5000000,ja,4.281103,11/2/02,28,4641
35000000,en,9.576744999999999,3/18/01,28,7405
60000000,en,15.904834,8/12/10,18,5
80000000,en,8.772188,11/8/96,28,9195
18000000,en,6.108646,12/27/13,18,2130
60000000,en,6.710215,11/22/94,35,33
60000000,en,10.776138000000001,3/5/04,35,433
47000000,en,5.507082,12/21/90,35,6194
37000000,en,13.081203,9/15/10,80,923
2500000,en,5.465669999999999,2/14/12,18,16042
4000000,en,14.171675,10/21/16,18,81
16000000,en,5.857368,2/1/91,28,915
32000000,en,7.177649000000001,9/13/00,18,2000
20000000,en,6.312206,2/20/09,35,3287
60000000,en,11.970205,11/11/94,27,360
65000000,en,5.6277870000000005,11/21/12,10752,1836
3400000,en,0.40319,10/4/85,35,14590
2500000,en,11.898793,6/26/15,18,12372
3000000,en,12.416635000000001,6/29/71,10751,4
35000000,en,13.492845,7/7/95,878,8411
55000000,en,6.709803,12/14/96,36,915
4000000,en,7.9599649999999995,4/28/09,53,506
60000000,en,7.493614999999999,7/28/99,28,79
15000000,en,5.951492,10/11/02,18,2
17000000,en,2.972529,5/6/63,28,4928
40000000,en,14.767317000000002,5/13/16,27,12
4300000,hi,3.6995519999999997,11/24/16,18,2343
120000000,en,18.911960999999998,3/15/00,18,6194
6400000,en,9.57874,2/7/86,35,41
50000000,en,5.852263,8/4/02,80,171
27000000,en,11.15092,2/24/06,18,308
3000000,en,4.947043,11/16/84,35,16274
50000000,en,8.176147,3/12/09,12,2
68000000,en,34.047399,6/23/10,12,491
16000000,en,15.133316,10/7/88,80,306
4500000,en,4.31583,6/27/56,12,6194
7500000,en,11.791591,12/5/07,35,43
60000000,en,12.149946,3/1/01,28,12
35000000,en,13.349518,11/15/00,18,14
1821052,en,11.046411,6/29/51,18,4
37000000,en,6.695228999999999,9/23/11,18,1088
15000000,en,7.665431,9/12/04,35,8
58000000,en,0.393865,6/7/13,35,306
50000000,en,19.638605,6/29/12,35,33
100000000,en,11.913405000000001,5/15/13,16,9383
25000000,en,11.556484,8/31/05,18,264
18000000,en,12.682927000000001,2/18/16,12,6194
22000000,en,11.654349,11/9/90,12,335
19000000,en,8.132811,3/4/11,35,23
37000000,en,8.451297,5/27/15,18,258
18000000,en,7.471655,10/5/86,35,70
25000000,en,6.497591000000001,5/31/96,28,285
85000000,en,10.175502999999999,2/6/02,28,496
2500000,en,3.0844259999999997,8/3/79,35,1
28000000,en,7.058599000000001,8/24/01,28,3287
175000000,en,12.319595,11/14/15,12,2
500000,en,8.398158,1/13/02,18,29693
132000000,en,22.201607,11/22/14,10751,521
30000000,en,8.205447999999999,11/10/95,80,5682
24000000,en,6.253083999999999,10/17/09,35,288
70000000,pt,9.353499000000001,3/5/98,18,4
6400000,hi,7.950488000000001,7/13/12,10749,3653
30000000,en,9.591425,11/18/10,10749,1632
43000000,en,13.802674,1/13/05,28,306
125000000,en,14.924487,3/20/14,18,4
120000000,en,7.134167999999999,5/9/08,28,79
1202007,en,6.360746,12/28/45,18,323
23600000,en,11.063029,10/7/09,35,5
22000000,en,28.176992,5/19/17,35,7392
6400000,en,7.506958,10/20/95,53,559
135000,en,0.5888720000000001,9/10/10,35,16726
1200000,en,1.4724629999999999,4/19/13,18,261
500000,en,5.85469,1/26/03,18,921
2500000,de,6.357321,1/1/87,18,45
35000000,en,12.201953999999999,2/27/97,80,559
30000000,en,12.199047,12/16/94,12,348
25000000,en,5.282976000000001,10/8/10,18,7295
3500000,en,14.56965,4/26/95,35,12
12500000,en,6.82647,9/24/11,18,562
2000000,en,7.659357000000001,9/11/05,80,308
4317946,de,12.452985,2/24/11,99,4503
8000000,en,6.712894,6/17/10,28,707
25000000,en,13.018491000000001,10/16/98,27,33
18000000,en,7.536295,7/24/81,18,77
55000000,en,17.618057,9/24/14,53,5
6600000,en,8.151346,8/20/14,18,789
32745300,en,17.958512,4/6/17,10749,288
97250400,fr,9.671944,1/13/08,14,47
90000000,en,13.116461,6/5/08,35,5
950000,en,0.8209110000000001,8/8/73,16,5067
23000000,en,5.810716,9/8/76,12,4
31000000,en,5.443097,12/22/89,14,33
3600000,en,13.520764000000002,3/13/87,27,3102
6000000,en,3.5544910000000005,12/16/83,27,4
47000000,en,10.642824000000001,11/27/02,18,306
10000000,en,6.435926,3/25/83,80,70
4000000,en,6.430591000000001,6/5/14,18,307
6000000,en,3.189566,1/13/72,28,6194
25000000,en,3.240624,10/26/70,36,4
70000000,en,13.842332999999998,8/22/07,53,33
15000000,en,6.2594330000000005,12/23/94,18,14
250000000,en,23.253089000000003,11/26/12,12,11
75000000,en,6.3539959999999995,10/30/01,9648,4
80000000,en,10.364794,7/1/09,36,33
21500000,en,31.314013,8/4/16,53,1885
6900000,hi,4.0315,6/9/00,10749,81865
103000,ko,5.194433,9/5/12,18,5406
35000000,en,11.418802000000001,12/20/12,35,10105
3500000,en,5.899155,7/9/10,35,6667
50000000,en,14.327717000000002,4/18/03,28,763
45000000,en,14.547939000000001,12/12/16,80,5490
18000000,en,6.197298,5/31/84,878,4
150000000,en,11.379355,12/14/07,18,79
30000000,en,6.418936,9/14/01,18,333
80000000,en,11.054250999999999,11/15/96,16,3592
13000000,en,1.386549,8/21/92,35,9195
4500000,en,12.449574,9/13/96,80,10308
30000000,en,18.502876999999998,8/19/09,28,1268
4200000,ru,7.42908,1/1/06,14,1038
25000000,en,6.7539690000000006,10/25/02,35,5
200000000,en,14.477676999999998,6/16/16,12,2
7400000,hi,2.37252,8/11/06,18,1569
35000000,en,7.219935,12/21/07,35,441
25000000,en,13.06943,5/1/98,18,40
6000000,en,5.598338,7/3/08,18,11665
11000000,hi,1.812728,5/1/15,18,1892
12000000,en,11.516964999999999,3/11/88,28,306
165000000,en,14.275360000000001,11/10/04,12,1867
37000000,zh,4.209701,12/18/15,28,32696
1200000,ja,6.4861260000000005,1/31/98,27,1194
2200000,en,6.632663000000001,12/29/71,80,634
1500000,en,2.627643,1/24/10,99,2
1500000,en,7.248676,8/23/48,80,1554
20000000,en,9.704289,2/4/05,53,768
2000000,en,6.6407039999999995,4/8/15,14,2266
15000000,en,13.310556,8/27/14,80,597
3000000,en,8.480501,10/18/74,28,33
30000000,en,5.025475,9/15/06,28,5
1350000,en,4.60786,3/5/98,35,146
35000000,en,6.71898,3/25/05,35,5
35000000,en,8.355977000000001,2/12/99,35,12
25000000,en,3.372523,1/1/93,35,6408
12000000,en,6.498789,4/1/02,35,8411
850000,en,1.094395,11/12/82,35,5
13000000,en,8.736869,8/28/98,10402,1483
90000000,en,12.978750999999999,11/20/98,28,130
70000000,en,15.57784,11/12/97,878,306
20000000,en,2.3213939999999997,6/10/11,35,7264
80000000,en,7.634017,3/5/99,35,705
5000000,en,2.06528,6/27/06,28,4616
13500000,en,5.387711,11/22/00,18,43
475000,en,9.00314,1/30/05,18,6971
5000,ko,3.4478940000000002,12/16/15,28,26324
30000000,en,14.443598999999999,2/16/11,28,264
28000000,en,4.512767,10/1/99,18,915
49000000,en,9.769047,11/2/01,28,5
14000000,en,6.573364,12/11/87,80,41
30000000,en,13.194168,2/25/04,18,152
13000000,en,12.989056,12/2/10,18,43
8500000,en,10.222142999999999,10/7/16,10751,1632
25000000,en,4.257516000000001,12/19/97,12,441
15000000,en,5.984133,7/13/84,12,33
197471676,en,15.262706,7/20/17,12,6896
5000000,en,36.894806,2/24/17,9648,3172
60000000,en,11.953553,10/20/05,12,435
1000000,en,10.07817,4/17/15,27,1038
852510,ro,9.990406,8/24/07,18,859
700000,en,7.948581,6/19/15,80,14638
102000000,en,13.494245999999999,10/26/12,18,450
80000000,en,8.534175999999999,11/10/00,53,79
13000000,en,8.502529,7/1/02,27,7405
10000000,en,1.9429450000000001,4/6/90,80,41
26000000,en,13.795875,1/21/10,27,2266
50000000,en,10.901496,6/5/14,80,5
70000000,en,7.5130669999999995,1/13/11,35,23
75000000,en,6.540621,6/4/10,28,817
37000000,en,7.558125,4/3/08,12,10221
105000000,en,14.412644,11/6/97,12,559
145000000,en,14.258429999999999,12/7/11,28,4
65000000,en,12.366641,2/14/12,28,444
1455000,en,6.229674,11/6/68,37,1787
7000000,en,9.218164,3/11/08,12,8411
2000000,en,9.241748,10/15/40,35,60
6500000,en,6.476534,7/24/87,18,441
42000000,en,10.027434,9/9/12,53,491
13000000,en,3.9606220000000003,8/4/99,35,5
10000000,en,6.830599,3/22/85,28,559
4000000,en,7.914795,11/15/78,14,60
20000000,en,7.359522,7/2/14,35,12
500000,en,0.071908,7/12/96,10749,24239
38000000,en,17.02038,4/16/15,28,5
40000000,en,10.479723,10/12/00,18,788
32000000,en,11.204539,5/18/11,18,43
41300000,en,12.061521,2/18/00,35,1403
4900000,en,11.494907000000001,7/21/16,27,8781
55000000,en,13.280069000000001,6/14/95,12,2
30000000,en,7.694502000000001,12/25/05,18,12
12250000,en,6.561373,5/18/14,80,6237
5000000,en,11.298195,9/2/92,53,8
25000000,en,13.121626000000001,9/9/11,28,1001
463455,en,0.44552600000000003,5/14/26,18,14646
5000000,en,3.595599,1/14/94,28,21
3000000,en,3.044499,12/15/61,35,219
11500000,en,8.365761000000001,4/21/89,18,4
8000000,en,6.8234449999999995,8/28/92,27,4
2000000,fr,8.066663,4/10/85,28,9
4500000,id,8.434884,3/27/14,28,12141
85000000,en,11.218378,10/2/98,18,1382
32000000,en,7.000421,8/26/10,28,1309
22000000,en,9.418339999999999,10/27/00,10751,12
25000000,en,10.175138,2/26/93,80,508
500000,en,5.3291949999999995,9/26/08,18,3290
10,en,5.192042,9/28/13,27,6644
5000000,en,8.679349,3/29/85,35,41
2000000,en,2.921405,9/8/80,878,1950
5000000,es,3.138159,9/23/16,36,7342
35000000,en,8.437586999999999,3/4/09,18,3281
30000000,en,5.364459,3/17/06,10402,12
10000000,en,6.396767,7/23/99,35,12
8000000,en,0.863547,6/2/89,28,12
38000000,en,6.100498,12/17/07,12,289
100000000,en,5.502098,11/3/07,28,1885
12000000,en,2.828884,10/5/01,35,2
60000000,en,9.488116999999999,4/16/02,28,33
17000000,ta,1.542355,1/25/13,28,7141
16000000,en,9.356587,4/16/99,53,5
50000000,en,8.997507,6/18/82,35,5
3000000,en,3.8912430000000002,5/29/81,27,553
43000000,en,8.889064,4/12/02,10749,85
12000000,en,5.409557,4/10/87,35,33
100000000,en,11.51021,8/17/16,12,4
8045760,en,10.357224,3/17/89,35,33
10500000,en,0.377787,9/2/94,18,365
500000,en,12.428269,1/15/04,80,3095
32000000,en,3.406836,3/26/97,16,174
15000000,en,13.634766,3/13/09,80,134
45000000,en,5.037224,12/25/05,35,34
500000,en,15.014569,9/2/11,27,16853
125000000,en,13.392824,3/23/17,16,306
7000000,en,7.436758,5/19/93,18,418
19000000,en,12.446738,7/7/00,35,1607
40000000,en,4.182641,12/13/96,14,9195
40000000,en,10.24382,2/14/11,12,33
18000000,en,3.6020309999999998,8/2/91,35,500
245000000,en,24.926576999999998,10/26/15,28,5
120000000,en,10.901602,6/2/01,16,2
92000000,en,22.220214000000002,11/5/04,28,2
90000000,en,13.809622000000001,9/14/16,12,5
3800000,ja,9.239882000000001,9/15/07,12,648
20000000,cn,8.636632,2/10/04,28,5
50000000,en,10.738888000000001,10/3/03,53,333
22000000,en,11.698089,9/18/09,18,129
40000000,en,12.725342999999999,8/23/96,14,12
63000000,en,11.624866,5/24/88,28,559
3000000,ko,10.616859,1/1/03,18,398
3000000,en,15.170192000000002,9/2/87,35,13349
12000000,en,8.783453999999999,9/11/98,18,14
40000000,en,4.985157,6/3/94,35,1504
25000000,en,14.686487,12/27/02,18,4
784170,en,0.5784560000000001,4/6/48,35,1221
12000000,zh,2.977779,11/26/09,12,5233
1089360,ro,0.663231,5/15/09,18,6068
50000000,en,3.9984940000000004,10/11/96,80,23
40000000,en,4.2609449999999995,9/7/01,28,4077
25000000,en,8.9256,12/14/00,35,14
20000000,en,16.626655,10/21/10,27,1632
225000,en,0.466236,11/1/12,10769,23648
10000000,en,13.751992000000001,11/6/09,9648,33
280000000,en,37.37942,4/22/15,28,420
50000000,en,17.608346,3/15/15,80,491
70000000,en,9.019114,11/6/98,18,306
15000000,en,15.899134,9/13/95,35,14
20000000,en,14.810519000000001,9/14/95,28,60
45000000,en,8.079541,6/6/96,12,4
82000000,en,7.349842999999999,5/19/05,35,4
25000000,en,5.9188160000000005,9/6/04,28,12
35000000,en,5.23158,12/22/95,28,33
48000000,en,7.349811999999999,6/26/98,10749,33
36000000,en,8.867562,2/15/02,18,12
11000000,en,8.800455,4/10/81,14,41
17000,en,7.759376,4/16/11,28,7313
80000000,en,14.39853,1/14/10,28,1088
40000000,en,7.196688000000001,2/9/07,35,79
4000000,en,3.8568269999999996,11/17/06,35,33
115000000,en,7.455875,6/14/02,18,2812
68000000,en,42.061481,6/25/15,35,33
8500000,en,8.592449,2/20/15,10749,4022
10000000,en,1.551648,9/11/03,18,10167
14734000,fr,2.156145,11/3/10,28,255
4000000,en,5.317544,1/1/61,18,60
70000000,en,9.819864,9/2/10,18,306
100000000,en,29.741452000000002,11/13/02,12,1492
220000,es,9.972591,9/4/92,28,5
8000000,en,11.521011,8/23/91,28,4234
35000000,en,8.061423,7/29/05,12,2
5300000,hi,3.003526,5/26/06,28,1569
6000000,en,12.724644999999999,6/11/86,35,4
35000000,en,8.910461999999999,11/18/94,16,4108
11500000,en,8.719145,12/19/08,18,2108
2200000,hu,6.313465,6/12/14,18,17173
11930000,en,7.956860000000001,10/1/15,18,7584
25000000,en,9.218002,4/18/13,53,4
150000,en,9.203416,11/1/02,35,26468
500000,en,0.45621000000000006,12/5/02,28,11831
1250000,en,8.710824,5/1/81,27,4
20000000,en,7.423812,6/1/07,18,335
18000000,en,10.151366000000001,6/29/84,12,13
1500000,en,4.877872,7/28/95,18,14
19500000,hi,4.683689,12/18/15,10752,3171
8000000,en,6.6037479999999995,8/7/08,28,2268
18000000,en,1.9751740000000002,7/20/84,28,4
15000000,en,7.904371,9/15/06,18,225
80000000,en,8.524847,12/12/03,18,441
14000000,en,8.204894,3/12/10,35,43
12500000,en,1.830829,4/1/10,18,19901
16800000,en,6.626077,7/25/14,35,12966
10500000,en,36.26051,6/23/17,18,70
95000000,en,11.348096,7/16/98,28,56
38000000,en,6.938921000000001,6/8/90,53,4
10000000,en,3.8674720000000002,5/12/05,28,14
60000000,en,14.336186999999999,8/21/13,28,5755
39000000,en,1.381022,2/20/04,10749,4
75000000,en,12.949715,3/10/05,16,9383
40000000,en,6.447072,6/5/14,10402,6194
15000000,ru,2.587727,12/25/08,18,9342
40000000,en,9.802889,12/12/85,18,306
6000,en,5.283661,9/12/98,80,9996
49300000,ja,7.566053,11/23/13,16,10342
5400000,hi,2.39989,8/23/13,53,19143
120000000,en,18.907948,6/8/06,16,2
3062000,hi,2.07741,7/22/11,18,7294
22000000,en,12.383755,11/30/82,18,5
47000000,en,7.586577,6/10/96,35,441
2000000,en,0.12184400000000001,9/30/10,10749,21163
24000000,en,4.347608999999999,12/25/99,35,9195
410000,de,0.769053,2/19/72,80,3391
5579750,it,2.2089060000000003,11/30/12,35,2441
130000000,en,12.854372999999999,12/13/07,28,2
100000,en,1.731527,2/16/10,28,5133
8000000,en,3.034823,2/19/06,28,446
13000000,en,13.655752,10/9/14,35,308
60000000,en,13.995044,5/30/03,28,2609
12500000,en,10.944654,12/19/02,18,43
5200000,pl,4.230046,9/21/07,18,10826
3512454,fr,0.11006500000000001,3/13/13,18,5358
1500000,en,6.407207,3/6/09,27,12975
38000000,en,4.990506,9/27/96,18,5
18000000,en,12.677592,10/26/84,18,6194
3000000,en,12.325947,5/1/70,12,306
150000000,en,9.920223,6/27/13,28,5
40000000,en,13.707888,10/15/15,53,27
30000000,en,9.863584,7/24/08,18,306
23000000,en,10.337689,10/5/01,9648,508
2000000,en,8.999948,6/24/54,18,893
25000000,en,24.535733,2/1/17,27,4
35000000,en,10.169411,10/12/11,27,33
2700000,en,7.5253820000000005,7/27/78,35,33
68000000,en,14.741992000000002,7/13/01,28,4
57000000,en,10.076222999999999,9/4/01,10402,788
45000000,en,11.075674000000001,6/4/92,18,4
127500000,en,9.998415,5/19/00,16,2
75000000,en,9.883727,5/24/91,28,33
16000000,en,16.770196,1/1/07,18,81
4000000,en,19.348466000000002,2/23/96,18,14
8000000,en,2.93818,1/24/97,18,915
21000000,en,10.234919,6/24/93,35,559
26000000,en,14.362544,3/4/94,35,306
29000000,en,10.829116,5/6/16,35,288
1365000,en,5.120036,10/6/39,35,8411
80000000,en,13.02369,8/20/04,27,10210
2800000,ru,2.4860729999999998,5/1/94,18,5358
40000000,en,9.48515,10/20/16,28,2000
87000000,en,2.48875,2/8/01,80,33
25000000,en,8.405395,9/11/09,18,831
8500000,en,9.292099,6/6/86,28,484
5000000,en,6.188286,10/17/12,27,4
140000000,en,12.996474000000001,11/17/02,12,7576
32000000,en,11.428941,10/10/04,10402,4
16000000,en,15.15267,9/18/87,12,1153
75000000,en,7.515631,6/16/00,16,306
12000000,en,11.354247,12/20/66,28,306
64000000,en,4.140398,10/8/99,18,5
22000000,en,10.225555,8/2/12,35,2000
90000000,en,10.81552,6/10/04,28,4
25000000,en,8.309565,4/28/16,35,16313
130000000,en,16.624854,5/30/12,878,306
9500000,en,7.778097,9/10/10,80,925
30000000,en,5.781667,9/20/02,28,191
12000000,zh,1.6754060000000002,8/14/12,28,2726
38000000,en,13.217623000000001,4/12/96,12,2
31500000,en,13.5963,8/15/79,18,60
1000000,en,3.3158269999999996,10/6/63,12,1980
483103,en,0.205671,10/31/27,18,21540
35000000,en,13.912531,2/24/16,28,5
3000000,es,2.753674,9/24/99,18,6639
30000000,en,14.015739000000002,8/15/03,27,12
13000000,en,10.564701,9/11/15,18,8147
25000000,en,10.542026,4/16/15,14,126
60000000,en,10.411608,10/22/04,35,4
17000000,en,12.50422,1/16/09,80,925
60000000,en,7.337905999999999,11/21/95,28,5
15000000,en,0.9008639999999999,5/19/07,10402,11522
2300000,hi,3.9594110000000002,10/26/07,18,3748
4600000,en,5.805666,6/2/10,28,6371
4000000,en,12.650546,11/13/81,35,2124
20000000,en,16.392712,3/3/17,18,491
2500000,en,2.726061,4/29/88,99,16644
61000000,en,13.52408,12/18/12,18,33
40000000,en,11.366417,7/31/97,28,12
2000000,en,9.333533000000001,9/25/61,18,306
25000000,en,6.514132,10/22/05,28,15127
19800000,en,14.101101000000002,11/7/01,18,987
25000000,en,9.805017,11/25/92,53,335
20000000,en,4.414928,10/12/90,14,9195
20000000,en,5.871243,1/28/05,28,1062
45000000,en,11.618472,7/31/09,12,306
16000000,en,4.372616000000001,3/3/00,35,14589
53000000,en,5.3962,5/15/01,18,1171
35000000,en,6.629999000000001,4/23/10,35,1423
300000,ml,0.350207,2/4/16,28,73777
500000,en,4.8938120000000005,9/12/12,18,13369
35000000,en,5.660835,4/4/97,18,4564
80000000,en,13.334952,8/8/03,28,333
37665000,en,5.388535,2/17/06,18,258
20000000,en,12.553403,9/3/04,28,152
13000000,en,4.7940879999999995,1/12/01,18,746
1135654,en,3.878515,3/18/24,28,13399
60000000,en,14.092373,6/17/04,35,27
65000000,en,14.482345,10/11/96,80,12
42000000,en,15.725542,1/16/04,35,216
35000000,en,10.512108999999999,9/22/11,53,35
